sides,ring,sector,bigphi,phi,eta,LUT,bit
-1,-2,1,1,0,15,0x000,29
-1,-2,1,1,0,14,0x003,32
-1,-2,1,1,0,13,0x006,35
-1,-2,1,1,0,12,0x01C,38
-1,-2,1,1,0,11,0x070,41
,,,,,,,,,,,,,
-1,-2,1,2,1,15,0x100,2
-1,-2,1,2,1,14,0x103,5
-1,-2,1,2,1,13,0x106,8
-1,-2,1,2,1,12,0x11C,11
-1,-2,1,2,1,11,0x170,14
,,,,,,,,,,,,,
-1,-2,1,3,2,15,0x200,1
-1,-2,1,3,2,14,0x203,4
-1,-2,1,3,2,13,0x206,7
-1,-2,1,3,2,12,0x21C,10
-1,-2,1,3,2,11,0x270,13
,,,,,,,,,,,,,
-1,-2,1,4,3,15,0x300,0
-1,-2,1,4,3,14,0x303,3
-1,-2,1,4,3,13,0x306,6
-1,-2,1,4,3,12,0x31C,9
-1,-2,1,4,3,11,0x370,12
,,,,,,,,,,,,,
-1,-2,1,71,4,15,0x400,31
-1,-2,1,71,4,14,0x403,34
-1,-2,1,71,4,13,0x406,37
-1,-2,1,71,4,12,0x41C,40
-1,-2,1,71,4,11,0x470,43
,,,,,,,,,,,,,
-1,-2,1,72,5,15,0x500,30
-1,-2,1,72,5,14,0x503,33
-1,-2,1,72,5,13,0x506,36
-1,-2,1,72,5,12,0x51C,39
-1,-2,1,72,5,11,0x570,42
,,,,,,,,,,,,,
-1,-2,2,5,0,15,0x000,29
-1,-2,2,5,0,14,0x003,32
-1,-2,2,5,0,13,0x006,35
-1,-2,2,5,0,12,0x01C,38
-1,-2,2,5,0,11,0x070,41
,,,,,,,,,,,,,
-1,-2,2,6,1,15,0x100,30
-1,-2,2,6,1,14,0x103,33
-1,-2,2,6,1,13,0x106,36
-1,-2,2,6,1,12,0x11C,39
-1,-2,2,6,1,11,0x170,42
,,,,,,,,,,,,,
-1,-2,2,7,2,15,0x200,31
-1,-2,2,7,2,14,0x203,34
-1,-2,2,7,2,13,0x206,37
-1,-2,2,7,2,12,0x21C,40
-1,-2,2,7,2,11,0x270,43
,,,,,,,,,,,,,
-1,-2,2,8,3,15,0x300,0
-1,-2,2,8,3,14,0x303,3
-1,-2,2,8,3,13,0x306,6
-1,-2,2,8,3,12,0x31C,9
-1,-2,2,8,3,11,0x370,12
,,,,,,,,,,,,,
-1,-2,2,9,4,15,0x400,1
-1,-2,2,9,4,14,0x403,4
-1,-2,2,9,4,13,0x406,7
-1,-2,2,9,4,12,0x41C,10
-1,-2,2,9,4,11,0x470,13
,,,,,,,,,,,,,
-1,-2,2,10,5,15,0x500,2
-1,-2,2,10,5,14,0x503,5
-1,-2,2,10,5,13,0x506,8
-1,-2,2,10,5,12,0x51C,11
-1,-2,2,10,5,11,0x570,14
,,,,,,,,,,,,,
-1,-2,3,11,0,15,0x000,31
-1,-2,3,11,0,14,0x003,34
-1,-2,3,11,0,13,0x006,37
-1,-2,3,11,0,12,0x01C,40
-1,-2,3,11,0,11,0x070,43
,,,,,,,,,,,,,
-1,-2,3,12,1,15,0x100,30
-1,-2,3,12,1,14,0x103,33
-1,-2,3,12,1,13,0x106,36
-1,-2,3,12,1,12,0x11C,39
-1,-2,3,12,1,11,0x170,42
,,,,,,,,,,,,,
-1,-2,3,13,2,15,0x200,29
-1,-2,3,13,2,14,0x203,32
-1,-2,3,13,2,13,0x206,35
-1,-2,3,13,2,12,0x21C,38
-1,-2,3,13,2,11,0x270,41
,,,,,,,,,,,,,
-1,-2,3,14,3,15,0x300,2
-1,-2,3,14,3,14,0x303,5
-1,-2,3,14,3,13,0x306,8
-1,-2,3,14,3,12,0x31C,11
-1,-2,3,14,3,11,0x370,14
,,,,,,,,,,,,,
-1,-2,3,15,4,15,0x400,1
-1,-2,3,15,4,14,0x403,4
-1,-2,3,15,4,13,0x406,7
-1,-2,3,15,4,12,0x41C,10
-1,-2,3,15,4,11,0x470,13
,,,,,,,,,,,,,
-1,-2,3,16,5,15,0x500,0
-1,-2,3,16,5,14,0x503,3
-1,-2,3,16,5,13,0x506,6
-1,-2,3,16,5,12,0x51C,9
-1,-2,3,16,5,11,0x570,12
,,,,,,,,,,,,,
-1,-2,4,17,0,15,0x000,29
-1,-2,4,17,0,14,0x003,32
-1,-2,4,17,0,13,0x006,35
-1,-2,4,17,0,12,0x01C,38
-1,-2,4,17,0,11,0x070,41
,,,,,,,,,,,,,
-1,-2,4,18,1,15,0x100,30
-1,-2,4,18,1,14,0x103,33
-1,-2,4,18,1,13,0x106,36
-1,-2,4,18,1,12,0x11C,39
-1,-2,4,18,1,11,0x170,42
,,,,,,,,,,,,,
-1,-2,4,19,2,15,0x200,31
-1,-2,4,19,2,14,0x203,34
-1,-2,4,19,2,13,0x206,37
-1,-2,4,19,2,12,0x21C,40
-1,-2,4,19,2,11,0x270,43
,,,,,,,,,,,,,
-1,-2,4,20,3,15,0x300,0
-1,-2,4,20,3,14,0x303,3
-1,-2,4,20,3,13,0x306,6
-1,-2,4,20,3,12,0x31C,9
-1,-2,4,20,3,11,0x370,12
,,,,,,,,,,,,,
-1,-2,4,21,4,15,0x400,1
-1,-2,4,21,4,14,0x403,4
-1,-2,4,21,4,13,0x406,7
-1,-2,4,21,4,12,0x41C,10
-1,-2,4,21,4,11,0x470,13
,,,,,,,,,,,,,
-1,-2,4,22,5,15,0x500,2
-1,-2,4,22,5,14,0x503,5
-1,-2,4,22,5,13,0x506,8
-1,-2,4,22,5,12,0x51C,11
-1,-2,4,22,5,11,0x570,14
,,,,,,,,,,,,,
-1,-2,5,23,0,15,0x000,31
-1,-2,5,23,0,14,0x003,34
-1,-2,5,23,0,13,0x006,37
-1,-2,5,23,0,12,0x01C,40
-1,-2,5,23,0,11,0x070,43
,,,,,,,,,,,,,
-1,-2,5,24,1,15,0x100,30
-1,-2,5,24,1,14,0x103,33
-1,-2,5,24,1,13,0x106,36
-1,-2,5,24,1,12,0x11C,39
-1,-2,5,24,1,11,0x170,42
,,,,,,,,,,,,,
-1,-2,5,25,2,15,0x200,29
-1,-2,5,25,2,14,0x203,32
-1,-2,5,25,2,13,0x206,35
-1,-2,5,25,2,12,0x21C,38
-1,-2,5,25,2,11,0x270,41
,,,,,,,,,,,,,
-1,-2,5,26,3,15,0x300,2
-1,-2,5,26,3,14,0x303,5
-1,-2,5,26,3,13,0x306,8
-1,-2,5,26,3,12,0x31C,11
-1,-2,5,26,3,11,0x370,14
,,,,,,,,,,,,,
-1,-2,5,27,4,15,0x400,1
-1,-2,5,27,4,14,0x403,4
-1,-2,5,27,4,13,0x406,7
-1,-2,5,27,4,12,0x41C,10
-1,-2,5,27,4,11,0x470,13
,,,,,,,,,,,,,
-1,-2,5,28,5,15,0x500,0
-1,-2,5,28,5,14,0x503,3
-1,-2,5,28,5,13,0x506,6
-1,-2,5,28,5,12,0x51C,9
-1,-2,5,28,5,11,0x570,12
,,,,,,,,,,,,,
-1,-2,6,29,0,15,0x000,29
-1,-2,6,29,0,14,0x003,32
-1,-2,6,29,0,13,0x006,35
-1,-2,6,29,0,12,0x01C,38
-1,-2,6,29,0,11,0x070,41
,,,,,,,,,,,,,
-1,-2,6,30,1,15,0x100,30
-1,-2,6,30,1,14,0x103,33
-1,-2,6,30,1,13,0x106,36
-1,-2,6,30,1,12,0x11C,39
-1,-2,6,30,1,11,0x170,42
,,,,,,,,,,,,,
-1,-2,6,31,2,15,0x200,31
-1,-2,6,31,2,14,0x203,34
-1,-2,6,31,2,13,0x206,37
-1,-2,6,31,2,12,0x21C,40
-1,-2,6,31,2,11,0x270,43
,,,,,,,,,,,,,
-1,-2,6,32,3,15,0x300,0
-1,-2,6,32,3,14,0x303,3
-1,-2,6,32,3,13,0x306,6
-1,-2,6,32,3,12,0x31C,9
-1,-2,6,32,3,11,0x370,12
,,,,,,,,,,,,,
-1,-2,6,33,4,15,0x400,1
-1,-2,6,33,4,14,0x403,4
-1,-2,6,33,4,13,0x406,7
-1,-2,6,33,4,12,0x41C,10
-1,-2,6,33,4,11,0x470,13
,,,,,,,,,,,,,
-1,-2,6,34,5,15,0x500,2
-1,-2,6,34,5,14,0x503,5
-1,-2,6,34,5,13,0x506,8
-1,-2,6,34,5,12,0x51C,11
-1,-2,6,34,5,11,0x570,14
,,,,,,,,,,,,,
-1,-2,7,35,0,15,0x000,31
-1,-2,7,35,0,14,0x003,34
-1,-2,7,35,0,13,0x006,37
-1,-2,7,35,0,12,0x01C,40
-1,-2,7,35,0,11,0x070,43
,,,,,,,,,,,,,
-1,-2,7,36,1,15,0x100,30
-1,-2,7,36,1,14,0x103,33
-1,-2,7,36,1,13,0x106,36
-1,-2,7,36,1,12,0x11C,39
-1,-2,7,36,1,11,0x170,42
,,,,,,,,,,,,,
-1,-2,7,37,2,15,0x200,29
-1,-2,7,37,2,14,0x203,32
-1,-2,7,37,2,13,0x206,35
-1,-2,7,37,2,12,0x21C,38
-1,-2,7,37,2,11,0x270,41
,,,,,,,,,,,,,
-1,-2,7,38,3,15,0x300,2
-1,-2,7,38,3,14,0x303,5
-1,-2,7,38,3,13,0x306,8
-1,-2,7,38,3,12,0x31C,11
-1,-2,7,38,3,11,0x370,14
,,,,,,,,,,,,,
-1,-2,7,39,4,15,0x400,1
-1,-2,7,39,4,14,0x403,4
-1,-2,7,39,4,13,0x406,7
-1,-2,7,39,4,12,0x41C,10
-1,-2,7,39,4,11,0x470,13
,,,,,,,,,,,,,
-1,-2,7,40,5,15,0x500,0
-1,-2,7,40,5,14,0x503,3
-1,-2,7,40,5,13,0x506,6
-1,-2,7,40,5,12,0x51C,9
-1,-2,7,40,5,11,0x570,12
,,,,,,,,,,,,,
-1,-2,8,41,0,15,0x000,29
-1,-2,8,41,0,14,0x003,32
-1,-2,8,41,0,13,0x006,35
-1,-2,8,41,0,12,0x01C,38
-1,-2,8,41,0,11,0x070,41
,,,,,,,,,,,,,
-1,-2,8,42,1,15,0x100,30
-1,-2,8,42,1,14,0x103,33
-1,-2,8,42,1,13,0x106,36
-1,-2,8,42,1,12,0x11C,39
-1,-2,8,42,1,11,0x170,42
,,,,,,,,,,,,,
-1,-2,8,43,2,15,0x200,31
-1,-2,8,43,2,14,0x203,34
-1,-2,8,43,2,13,0x206,37
-1,-2,8,43,2,12,0x21C,40
-1,-2,8,43,2,11,0x270,43
,,,,,,,,,,,,,
-1,-2,8,44,3,15,0x300,0
-1,-2,8,44,3,14,0x303,3
-1,-2,8,44,3,13,0x306,6
-1,-2,8,44,3,12,0x31C,9
-1,-2,8,44,3,11,0x370,12
,,,,,,,,,,,,,
-1,-2,8,45,4,15,0x400,1
-1,-2,8,45,4,14,0x403,4
-1,-2,8,45,4,13,0x406,7
-1,-2,8,45,4,12,0x41C,10
-1,-2,8,45,4,11,0x470,13
,,,,,,,,,,,,,
-1,-2,8,46,5,15,0x500,2
-1,-2,8,46,5,14,0x503,5
-1,-2,8,46,5,13,0x506,8
-1,-2,8,46,5,12,0x51C,11
-1,-2,8,46,5,11,0x570,14
,,,,,,,,,,,,,
-1,-2,9,47,0,15,0x000,31
-1,-2,9,47,0,14,0x003,34
-1,-2,9,47,0,13,0x006,37
-1,-2,9,47,0,12,0x01C,40
-1,-2,9,47,0,11,0x070,43
,,,,,,,,,,,,,
-1,-2,9,48,1,15,0x100,30
-1,-2,9,48,1,14,0x103,33
-1,-2,9,48,1,13,0x106,36
-1,-2,9,48,1,12,0x11C,39
-1,-2,9,48,1,11,0x170,42
,,,,,,,,,,,,,
-1,-2,9,49,2,15,0x200,29
-1,-2,9,49,2,14,0x203,32
-1,-2,9,49,2,13,0x206,35
-1,-2,9,49,2,12,0x21C,38
-1,-2,9,49,2,11,0x270,41
,,,,,,,,,,,,,
-1,-2,9,50,3,15,0x300,2
-1,-2,9,50,3,14,0x303,5
-1,-2,9,50,3,13,0x306,8
-1,-2,9,50,3,12,0x31C,11
-1,-2,9,50,3,11,0x370,14
,,,,,,,,,,,,,
-1,-2,9,51,4,15,0x400,1
-1,-2,9,51,4,14,0x403,4
-1,-2,9,51,4,13,0x406,7
-1,-2,9,51,4,12,0x41C,10
-1,-2,9,51,4,11,0x470,13
,,,,,,,,,,,,,
-1,-2,9,52,5,15,0x500,0
-1,-2,9,52,5,14,0x503,3
-1,-2,9,52,5,13,0x506,6
-1,-2,9,52,5,12,0x51C,9
-1,-2,9,52,5,11,0x570,12
,,,,,,,,,,,,,
-1,-2,10,53,0,15,0x000,29
-1,-2,10,53,0,14,0x003,32
-1,-2,10,53,0,13,0x006,35
-1,-2,10,53,0,12,0x01C,38
-1,-2,10,53,0,11,0x070,41
,,,,,,,,,,,,,
-1,-2,10,54,1,15,0x100,30
-1,-2,10,54,1,14,0x103,33
-1,-2,10,54,1,13,0x106,36
-1,-2,10,54,1,12,0x11C,39
-1,-2,10,54,1,11,0x170,42
,,,,,,,,,,,,,
-1,-2,10,55,2,15,0x200,31
-1,-2,10,55,2,14,0x203,34
-1,-2,10,55,2,13,0x206,37
-1,-2,10,55,2,12,0x21C,40
-1,-2,10,55,2,11,0x270,43
,,,,,,,,,,,,,
-1,-2,10,56,3,15,0x300,0
-1,-2,10,56,3,14,0x303,3
-1,-2,10,56,3,13,0x306,6
-1,-2,10,56,3,12,0x31C,9
-1,-2,10,56,3,11,0x370,12
,,,,,,,,,,,,,
-1,-2,10,57,4,15,0x400,1
-1,-2,10,57,4,14,0x403,4
-1,-2,10,57,4,13,0x406,7
-1,-2,10,57,4,12,0x41C,10
-1,-2,10,57,4,11,0x470,13
,,,,,,,,,,,,,
-1,-2,10,58,5,15,0x500,2
-1,-2,10,58,5,14,0x503,5
-1,-2,10,58,5,13,0x506,8
-1,-2,10,58,5,12,0x51C,11
-1,-2,10,58,5,11,0x570,14
,,,,,,,,,,,,,
-1,-2,11,59,0,15,0x000,31
-1,-2,11,59,0,14,0x003,34
-1,-2,11,59,0,13,0x006,37
-1,-2,11,59,0,12,0x01C,40
-1,-2,11,59,0,11,0x070,43
,,,,,,,,,,,,,
-1,-2,11,60,1,15,0x100,30
-1,-2,11,60,1,14,0x103,33
-1,-2,11,60,1,13,0x106,36
-1,-2,11,60,1,12,0x11C,39
-1,-2,11,60,1,11,0x170,42
,,,,,,,,,,,,,
-1,-2,11,61,2,15,0x200,29
-1,-2,11,61,2,14,0x203,32
-1,-2,11,61,2,13,0x206,35
-1,-2,11,61,2,12,0x21C,38
-1,-2,11,61,2,11,0x270,41
,,,,,,,,,,,,,
-1,-2,11,62,3,15,0x300,2
-1,-2,11,62,3,14,0x303,5
-1,-2,11,62,3,13,0x306,8
-1,-2,11,62,3,12,0x31C,11
-1,-2,11,62,3,11,0x370,14
,,,,,,,,,,,,,
-1,-2,11,63,4,15,0x400,1
-1,-2,11,63,4,14,0x403,4
-1,-2,11,63,4,13,0x406,7
-1,-2,11,63,4,12,0x41C,10
-1,-2,11,63,4,11,0x470,13
,,,,,,,,,,,,,
-1,-2,11,64,5,15,0x500,0
-1,-2,11,64,5,14,0x503,3
-1,-2,11,64,5,13,0x506,6
-1,-2,11,64,5,12,0x51C,9
-1,-2,11,64,5,11,0x570,12
,,,,,,,,,,,,,
-1,-2,12,65,0,15,0x000,29
-1,-2,12,65,0,14,0x003,32
-1,-2,12,65,0,13,0x006,35
-1,-2,12,65,0,12,0x01C,38
-1,-2,12,65,0,11,0x070,41
,,,,,,,,,,,,,
-1,-2,12,66,1,15,0x100,30
-1,-2,12,66,1,14,0x103,33
-1,-2,12,66,1,13,0x106,36
-1,-2,12,66,1,12,0x11C,39
-1,-2,12,66,1,11,0x170,42
,,,,,,,,,,,,,
-1,-2,12,67,2,15,0x200,31
-1,-2,12,67,2,14,0x203,34
-1,-2,12,67,2,13,0x206,37
-1,-2,12,67,2,12,0x21C,40
-1,-2,12,67,2,11,0x270,43
,,,,,,,,,,,,,
-1,-2,12,68,3,15,0x300,0
-1,-2,12,68,3,14,0x303,3
-1,-2,12,68,3,13,0x306,6
-1,-2,12,68,3,12,0x31C,9
-1,-2,12,68,3,11,0x370,12
,,,,,,,,,,,,,
-1,-2,12,69,4,15,0x400,1
-1,-2,12,69,4,14,0x403,4
-1,-2,12,69,4,13,0x406,7
-1,-2,12,69,4,12,0x41C,10
-1,-2,12,69,4,11,0x470,13
,,,,,,,,,,,,,
-1,-2,12,70,5,15,0x500,2
-1,-2,12,70,5,14,0x503,5
-1,-2,12,70,5,13,0x506,8
-1,-2,12,70,5,12,0x51C,11
-1,-2,12,70,5,11,0x570,14
,,,,,,,,,,,,,
-1,-1,1,1,0,10,0x001,38
-1,-1,1,1,0,9,0x003,41
-1,-1,1,1,0,8,0x006,44
-1,-1,1,1,0,7,0x00C,9
-1,-1,1,1,0,6,0x030,12
-1,-1,1,1,0,5,0x060,15
,,,,,,,,,,,,,
-1,-1,1,2,1,10,0x101,31
-1,-1,1,2,1,9,0x103,34
-1,-1,1,2,1,8,0x106,37
-1,-1,1,2,1,7,0x10C,2
-1,-1,1,2,1,6,0x130,5
-1,-1,1,2,1,5,0x160,8
,,,,,,,,,,,,,
-1,-1,1,3,2,10,0x201,30
-1,-1,1,3,2,9,0x203,33
-1,-1,1,3,2,8,0x206,36
-1,-1,1,3,2,7,0x20C,1
-1,-1,1,3,2,6,0x230,4
-1,-1,1,3,2,5,0x260,7
,,,,,,,,,,,,,
-1,-1,1,4,3,10,0x301,29
-1,-1,1,4,3,9,0x303,32
-1,-1,1,4,3,8,0x306,35
-1,-1,1,4,3,7,0x30C,0
-1,-1,1,4,3,6,0x330,3
-1,-1,1,4,3,5,0x360,6
,,,,,,,,,,,,,
-1,-1,1,71,4,10,0x401,40
-1,-1,1,71,4,9,0x403,43
-1,-1,1,71,4,8,0x406,46
-1,-1,1,71,4,7,0x40C,11
-1,-1,1,71,4,6,0x430,14
-1,-1,1,71,4,5,0x460,17
,,,,,,,,,,,,,
-1,-1,1,72,5,10,0x501,39
-1,-1,1,72,5,9,0x503,42
-1,-1,1,72,5,8,0x506,45
-1,-1,1,72,5,7,0x50C,10
-1,-1,1,72,5,6,0x530,13
-1,-1,1,72,5,5,0x560,16
,,,,,,,,,,,,,
-1,-1,2,5,0,10,0x001,38
-1,-1,2,5,0,9,0x003,41
-1,-1,2,5,0,8,0x006,44
-1,-1,2,5,0,7,0x00C,9
-1,-1,2,5,0,6,0x030,12
-1,-1,2,5,0,5,0x060,15
,,,,,,,,,,,,,
-1,-1,2,6,1,10,0x101,39
-1,-1,2,6,1,9,0x103,42
-1,-1,2,6,1,8,0x106,45
-1,-1,2,6,1,7,0x10C,10
-1,-1,2,6,1,6,0x130,13
-1,-1,2,6,1,5,0x160,16
,,,,,,,,,,,,,
-1,-1,2,7,2,10,0x201,40
-1,-1,2,7,2,9,0x203,43
-1,-1,2,7,2,8,0x206,46
-1,-1,2,7,2,7,0x20C,11
-1,-1,2,7,2,6,0x230,14
-1,-1,2,7,2,5,0x260,17
,,,,,,,,,,,,,
-1,-1,2,8,3,10,0x301,29
-1,-1,2,8,3,9,0x303,32
-1,-1,2,8,3,8,0x306,35
-1,-1,2,8,3,7,0x30C,0
-1,-1,2,8,3,6,0x330,3
-1,-1,2,8,3,5,0x360,6
,,,,,,,,,,,,,
-1,-1,2,9,4,10,0x401,30
-1,-1,2,9,4,9,0x403,33
-1,-1,2,9,4,8,0x406,36
-1,-1,2,9,4,7,0x40C,1
-1,-1,2,9,4,6,0x430,4
-1,-1,2,9,4,5,0x460,7
,,,,,,,,,,,,,
-1,-1,2,10,5,10,0x501,31
-1,-1,2,10,5,9,0x503,34
-1,-1,2,10,5,8,0x506,37
-1,-1,2,10,5,7,0x50C,2
-1,-1,2,10,5,6,0x530,5
-1,-1,2,10,5,5,0x560,8
,,,,,,,,,,,,,
-1,-1,3,11,0,10,0x001,40
-1,-1,3,11,0,9,0x003,43
-1,-1,3,11,0,8,0x006,46
-1,-1,3,11,0,7,0x00C,11
-1,-1,3,11,0,6,0x030,14
-1,-1,3,11,0,5,0x060,17
,,,,,,,,,,,,,
-1,-1,3,12,1,10,0x101,39
-1,-1,3,12,1,9,0x103,42
-1,-1,3,12,1,8,0x106,45
-1,-1,3,12,1,7,0x10C,10
-1,-1,3,12,1,6,0x130,13
-1,-1,3,12,1,5,0x160,16
,,,,,,,,,,,,,
-1,-1,3,13,2,10,0x201,38
-1,-1,3,13,2,9,0x203,41
-1,-1,3,13,2,8,0x206,44
-1,-1,3,13,2,7,0x20C,9
-1,-1,3,13,2,6,0x230,12
-1,-1,3,13,2,5,0x260,15
,,,,,,,,,,,,,
-1,-1,3,14,3,10,0x301,31
-1,-1,3,14,3,9,0x303,34
-1,-1,3,14,3,8,0x306,37
-1,-1,3,14,3,7,0x30C,2
-1,-1,3,14,3,6,0x330,5
-1,-1,3,14,3,5,0x360,8
,,,,,,,,,,,,,
-1,-1,3,15,4,10,0x401,30
-1,-1,3,15,4,9,0x403,33
-1,-1,3,15,4,8,0x406,36
-1,-1,3,15,4,7,0x40C,1
-1,-1,3,15,4,6,0x430,4
-1,-1,3,15,4,5,0x460,7
,,,,,,,,,,,,,
-1,-1,3,16,5,10,0x501,29
-1,-1,3,16,5,9,0x503,32
-1,-1,3,16,5,8,0x506,35
-1,-1,3,16,5,7,0x50C,0
-1,-1,3,16,5,6,0x530,3
-1,-1,3,16,5,5,0x560,6
,,,,,,,,,,,,,
-1,-1,4,17,0,10,0x001,38
-1,-1,4,17,0,9,0x003,41
-1,-1,4,17,0,8,0x006,44
-1,-1,4,17,0,7,0x00C,9
-1,-1,4,17,0,6,0x030,12
-1,-1,4,17,0,5,0x060,15
,,,,,,,,,,,,,
-1,-1,4,18,1,10,0x101,39
-1,-1,4,18,1,9,0x103,42
-1,-1,4,18,1,8,0x106,45
-1,-1,4,18,1,7,0x10C,10
-1,-1,4,18,1,6,0x130,13
-1,-1,4,18,1,5,0x160,16
,,,,,,,,,,,,,
-1,-1,4,19,2,10,0x201,40
-1,-1,4,19,2,9,0x203,43
-1,-1,4,19,2,8,0x206,46
-1,-1,4,19,2,7,0x20C,11
-1,-1,4,19,2,6,0x230,14
-1,-1,4,19,2,5,0x260,17
,,,,,,,,,,,,,
-1,-1,4,20,3,10,0x301,29
-1,-1,4,20,3,9,0x303,32
-1,-1,4,20,3,8,0x306,35
-1,-1,4,20,3,7,0x30C,0
-1,-1,4,20,3,6,0x330,3
-1,-1,4,20,3,5,0x360,6
,,,,,,,,,,,,,
-1,-1,4,21,4,10,0x401,30
-1,-1,4,21,4,9,0x403,33
-1,-1,4,21,4,8,0x406,36
-1,-1,4,21,4,7,0x40C,1
-1,-1,4,21,4,6,0x430,4
-1,-1,4,21,4,5,0x460,7
,,,,,,,,,,,,,
-1,-1,4,22,5,10,0x501,31
-1,-1,4,22,5,9,0x503,34
-1,-1,4,22,5,8,0x506,37
-1,-1,4,22,5,7,0x50C,2
-1,-1,4,22,5,6,0x530,5
-1,-1,4,22,5,5,0x560,8
,,,,,,,,,,,,,
-1,-1,5,23,0,10,0x001,40
-1,-1,5,23,0,9,0x003,43
-1,-1,5,23,0,8,0x006,46
-1,-1,5,23,0,7,0x00C,11
-1,-1,5,23,0,6,0x030,14
-1,-1,5,23,0,5,0x060,17
,,,,,,,,,,,,,
-1,-1,5,24,1,10,0x101,39
-1,-1,5,24,1,9,0x103,42
-1,-1,5,24,1,8,0x106,45
-1,-1,5,24,1,7,0x10C,10
-1,-1,5,24,1,6,0x130,13
-1,-1,5,24,1,5,0x160,16
,,,,,,,,,,,,,
-1,-1,5,25,2,10,0x201,38
-1,-1,5,25,2,9,0x203,41
-1,-1,5,25,2,8,0x206,44
-1,-1,5,25,2,7,0x20C,9
-1,-1,5,25,2,6,0x230,12
-1,-1,5,25,2,5,0x260,15
,,,,,,,,,,,,,
-1,-1,5,26,3,10,0x301,31
-1,-1,5,26,3,9,0x303,34
-1,-1,5,26,3,8,0x306,37
-1,-1,5,26,3,7,0x30C,2
-1,-1,5,26,3,6,0x330,5
-1,-1,5,26,3,5,0x360,8
,,,,,,,,,,,,,
-1,-1,5,27,4,10,0x401,30
-1,-1,5,27,4,9,0x403,33
-1,-1,5,27,4,8,0x406,36
-1,-1,5,27,4,7,0x40C,1
-1,-1,5,27,4,6,0x430,4
-1,-1,5,27,4,5,0x460,7
,,,,,,,,,,,,,
-1,-1,5,28,5,10,0x501,29
-1,-1,5,28,5,9,0x503,32
-1,-1,5,28,5,8,0x506,35
-1,-1,5,28,5,7,0x50C,0
-1,-1,5,28,5,6,0x530,3
-1,-1,5,28,5,5,0x560,6
,,,,,,,,,,,,,
-1,-1,6,29,0,10,0x001,38
-1,-1,6,29,0,9,0x003,41
-1,-1,6,29,0,8,0x006,44
-1,-1,6,29,0,7,0x00C,9
-1,-1,6,29,0,6,0x030,12
-1,-1,6,29,0,5,0x060,15
,,,,,,,,,,,,,
-1,-1,6,30,1,10,0x101,39
-1,-1,6,30,1,9,0x103,42
-1,-1,6,30,1,8,0x106,45
-1,-1,6,30,1,7,0x10C,10
-1,-1,6,30,1,6,0x130,13
-1,-1,6,30,1,5,0x160,16
,,,,,,,,,,,,,
-1,-1,6,31,2,10,0x201,40
-1,-1,6,31,2,9,0x203,43
-1,-1,6,31,2,8,0x206,46
-1,-1,6,31,2,7,0x20C,11
-1,-1,6,31,2,6,0x230,14
-1,-1,6,31,2,5,0x260,17
,,,,,,,,,,,,,
-1,-1,6,32,3,10,0x301,29
-1,-1,6,32,3,9,0x303,32
-1,-1,6,32,3,8,0x306,35
-1,-1,6,32,3,7,0x30C,0
-1,-1,6,32,3,6,0x330,3
-1,-1,6,32,3,5,0x360,6
,,,,,,,,,,,,,
-1,-1,6,33,4,10,0x401,30
-1,-1,6,33,4,9,0x403,33
-1,-1,6,33,4,8,0x406,36
-1,-1,6,33,4,7,0x40C,1
-1,-1,6,33,4,6,0x430,4
-1,-1,6,33,4,5,0x460,7
,,,,,,,,,,,,,
-1,-1,6,34,5,10,0x501,31
-1,-1,6,34,5,9,0x503,34
-1,-1,6,34,5,8,0x506,37
-1,-1,6,34,5,7,0x50C,2
-1,-1,6,34,5,6,0x530,5
-1,-1,6,34,5,5,0x560,8
,,,,,,,,,,,,,
-1,-1,7,35,0,10,0x001,40
-1,-1,7,35,0,9,0x003,43
-1,-1,7,35,0,8,0x006,46
-1,-1,7,35,0,7,0x00C,11
-1,-1,7,35,0,6,0x030,14
-1,-1,7,35,0,5,0x060,17
,,,,,,,,,,,,,
-1,-1,7,36,1,10,0x101,39
-1,-1,7,36,1,9,0x103,42
-1,-1,7,36,1,8,0x106,45
-1,-1,7,36,1,7,0x10C,10
-1,-1,7,36,1,6,0x130,13
-1,-1,7,36,1,5,0x160,16
,,,,,,,,,,,,,
-1,-1,7,37,2,10,0x201,38
-1,-1,7,37,2,9,0x203,41
-1,-1,7,37,2,8,0x206,44
-1,-1,7,37,2,7,0x20C,9
-1,-1,7,37,2,6,0x230,12
-1,-1,7,37,2,5,0x260,15
,,,,,,,,,,,,,
-1,-1,7,38,3,10,0x301,31
-1,-1,7,38,3,9,0x303,34
-1,-1,7,38,3,8,0x306,37
-1,-1,7,38,3,7,0x30C,2
-1,-1,7,38,3,6,0x330,5
-1,-1,7,38,3,5,0x360,8
,,,,,,,,,,,,,
-1,-1,7,39,4,10,0x401,30
-1,-1,7,39,4,9,0x403,33
-1,-1,7,39,4,8,0x406,36
-1,-1,7,39,4,7,0x40C,1
-1,-1,7,39,4,6,0x430,4
-1,-1,7,39,4,5,0x460,7
,,,,,,,,,,,,,
-1,-1,7,40,5,10,0x501,29
-1,-1,7,40,5,9,0x503,32
-1,-1,7,40,5,8,0x506,35
-1,-1,7,40,5,7,0x50C,0
-1,-1,7,40,5,6,0x530,3
-1,-1,7,40,5,5,0x560,6
,,,,,,,,,,,,,
-1,-1,8,41,0,10,0x001,38
-1,-1,8,41,0,9,0x003,41
-1,-1,8,41,0,8,0x006,44
-1,-1,8,41,0,7,0x00C,9
-1,-1,8,41,0,6,0x030,12
-1,-1,8,41,0,5,0x060,15
,,,,,,,,,,,,,
-1,-1,8,42,1,10,0x101,39
-1,-1,8,42,1,9,0x103,42
-1,-1,8,42,1,8,0x106,45
-1,-1,8,42,1,7,0x10C,10
-1,-1,8,42,1,6,0x130,13
-1,-1,8,42,1,5,0x160,16
,,,,,,,,,,,,,
-1,-1,8,43,2,10,0x201,40
-1,-1,8,43,2,9,0x203,43
-1,-1,8,43,2,8,0x206,46
-1,-1,8,43,2,7,0x20C,11
-1,-1,8,43,2,6,0x230,14
-1,-1,8,43,2,5,0x260,17
,,,,,,,,,,,,,
-1,-1,8,44,3,10,0x301,29
-1,-1,8,44,3,9,0x303,32
-1,-1,8,44,3,8,0x306,35
-1,-1,8,44,3,7,0x30C,0
-1,-1,8,44,3,6,0x330,3
-1,-1,8,44,3,5,0x360,6
,,,,,,,,,,,,,
-1,-1,8,45,4,10,0x401,30
-1,-1,8,45,4,9,0x403,33
-1,-1,8,45,4,8,0x406,36
-1,-1,8,45,4,7,0x40C,1
-1,-1,8,45,4,6,0x430,4
-1,-1,8,45,4,5,0x460,7
,,,,,,,,,,,,,
-1,-1,8,46,5,10,0x501,31
-1,-1,8,46,5,9,0x503,34
-1,-1,8,46,5,8,0x506,37
-1,-1,8,46,5,7,0x50C,2
-1,-1,8,46,5,6,0x530,5
-1,-1,8,46,5,5,0x560,8
,,,,,,,,,,,,,
-1,-1,9,47,0,10,0x001,40
-1,-1,9,47,0,9,0x003,43
-1,-1,9,47,0,8,0x006,46
-1,-1,9,47,0,7,0x00C,11
-1,-1,9,47,0,6,0x030,14
-1,-1,9,47,0,5,0x060,17
,,,,,,,,,,,,,
-1,-1,9,48,1,10,0x101,39
-1,-1,9,48,1,9,0x103,42
-1,-1,9,48,1,8,0x106,45
-1,-1,9,48,1,7,0x10C,10
-1,-1,9,48,1,6,0x130,13
-1,-1,9,48,1,5,0x160,16
,,,,,,,,,,,,,
-1,-1,9,49,2,10,0x201,38
-1,-1,9,49,2,9,0x203,41
-1,-1,9,49,2,8,0x206,44
-1,-1,9,49,2,7,0x20C,9
-1,-1,9,49,2,6,0x230,12
-1,-1,9,49,2,5,0x260,15
,,,,,,,,,,,,,
-1,-1,9,50,3,10,0x301,31
-1,-1,9,50,3,9,0x303,34
-1,-1,9,50,3,8,0x306,37
-1,-1,9,50,3,7,0x30C,2
-1,-1,9,50,3,6,0x330,5
-1,-1,9,50,3,5,0x360,8
,,,,,,,,,,,,,
-1,-1,9,51,4,10,0x401,30
-1,-1,9,51,4,9,0x403,33
-1,-1,9,51,4,8,0x406,36
-1,-1,9,51,4,7,0x40C,1
-1,-1,9,51,4,6,0x430,4
-1,-1,9,51,4,5,0x460,7
,,,,,,,,,,,,,
-1,-1,9,52,5,10,0x501,29
-1,-1,9,52,5,9,0x503,32
-1,-1,9,52,5,8,0x506,35
-1,-1,9,52,5,7,0x50C,0
-1,-1,9,52,5,6,0x530,3
-1,-1,9,52,5,5,0x560,6
,,,,,,,,,,,,,
-1,-1,10,53,0,10,0x001,38
-1,-1,10,53,0,9,0x003,41
-1,-1,10,53,0,8,0x006,44
-1,-1,10,53,0,7,0x00C,9
-1,-1,10,53,0,6,0x030,12
-1,-1,10,53,0,5,0x060,15
,,,,,,,,,,,,,
-1,-1,10,54,1,10,0x101,39
-1,-1,10,54,1,9,0x103,42
-1,-1,10,54,1,8,0x106,45
-1,-1,10,54,1,7,0x10C,10
-1,-1,10,54,1,6,0x130,13
-1,-1,10,54,1,5,0x160,16
,,,,,,,,,,,,,
-1,-1,10,55,2,10,0x201,40
-1,-1,10,55,2,9,0x203,43
-1,-1,10,55,2,8,0x206,46
-1,-1,10,55,2,7,0x20C,11
-1,-1,10,55,2,6,0x230,14
-1,-1,10,55,2,5,0x260,17
,,,,,,,,,,,,,
-1,-1,10,56,3,10,0x301,29
-1,-1,10,56,3,9,0x303,32
-1,-1,10,56,3,8,0x306,35
-1,-1,10,56,3,7,0x30C,0
-1,-1,10,56,3,6,0x330,3
-1,-1,10,56,3,5,0x360,6
,,,,,,,,,,,,,
-1,-1,10,57,4,10,0x401,30
-1,-1,10,57,4,9,0x403,33
-1,-1,10,57,4,8,0x406,36
-1,-1,10,57,4,7,0x40C,1
-1,-1,10,57,4,6,0x430,4
-1,-1,10,57,4,5,0x460,7
,,,,,,,,,,,,,
-1,-1,10,58,5,10,0x501,31
-1,-1,10,58,5,9,0x503,34
-1,-1,10,58,5,8,0x506,37
-1,-1,10,58,5,7,0x50C,2
-1,-1,10,58,5,6,0x530,5
-1,-1,10,58,5,5,0x560,8
,,,,,,,,,,,,,
-1,-1,11,59,0,10,0x001,40
-1,-1,11,59,0,9,0x003,43
-1,-1,11,59,0,8,0x006,46
-1,-1,11,59,0,7,0x00C,11
-1,-1,11,59,0,6,0x030,14
-1,-1,11,59,0,5,0x060,17
,,,,,,,,,,,,,
-1,-1,11,60,1,10,0x101,39
-1,-1,11,60,1,9,0x103,42
-1,-1,11,60,1,8,0x106,45
-1,-1,11,60,1,7,0x10C,10
-1,-1,11,60,1,6,0x130,13
-1,-1,11,60,1,5,0x160,16
,,,,,,,,,,,,,
-1,-1,11,61,2,10,0x201,38
-1,-1,11,61,2,9,0x203,41
-1,-1,11,61,2,8,0x206,44
-1,-1,11,61,2,7,0x20C,9
-1,-1,11,61,2,6,0x230,12
-1,-1,11,61,2,5,0x260,15
,,,,,,,,,,,,,
-1,-1,11,62,3,10,0x301,31
-1,-1,11,62,3,9,0x303,34
-1,-1,11,62,3,8,0x306,37
-1,-1,11,62,3,7,0x30C,2
-1,-1,11,62,3,6,0x330,5
-1,-1,11,62,3,5,0x360,8
,,,,,,,,,,,,,
-1,-1,11,63,4,10,0x401,30
-1,-1,11,63,4,9,0x403,33
-1,-1,11,63,4,8,0x406,36
-1,-1,11,63,4,7,0x40C,1
-1,-1,11,63,4,6,0x430,4
-1,-1,11,63,4,5,0x460,7
,,,,,,,,,,,,,
-1,-1,11,64,5,10,0x501,29
-1,-1,11,64,5,9,0x503,32
-1,-1,11,64,5,8,0x506,35
-1,-1,11,64,5,7,0x50C,0
-1,-1,11,64,5,6,0x530,3
-1,-1,11,64,5,5,0x560,6
,,,,,,,,,,,,,
-1,-1,12,65,0,10,0x001,38
-1,-1,12,65,0,9,0x003,41
-1,-1,12,65,0,8,0x006,44
-1,-1,12,65,0,7,0x00C,9
-1,-1,12,65,0,6,0x030,12
-1,-1,12,65,0,5,0x060,15
,,,,,,,,,,,,,
-1,-1,12,66,1,10,0x101,39
-1,-1,12,66,1,9,0x103,42
-1,-1,12,66,1,8,0x106,45
-1,-1,12,66,1,7,0x10C,10
-1,-1,12,66,1,6,0x130,13
-1,-1,12,66,1,5,0x160,16
,,,,,,,,,,,,,
-1,-1,12,67,2,10,0x201,40
-1,-1,12,67,2,9,0x203,43
-1,-1,12,67,2,8,0x206,46
-1,-1,12,67,2,7,0x20C,11
-1,-1,12,67,2,6,0x230,14
-1,-1,12,67,2,5,0x260,17
,,,,,,,,,,,,,
-1,-1,12,68,3,10,0x301,29
-1,-1,12,68,3,9,0x303,32
-1,-1,12,68,3,8,0x306,35
-1,-1,12,68,3,7,0x30C,0
-1,-1,12,68,3,6,0x330,3
-1,-1,12,68,3,5,0x360,6
,,,,,,,,,,,,,
-1,-1,12,69,4,10,0x401,30
-1,-1,12,69,4,9,0x403,33
-1,-1,12,69,4,8,0x406,36
-1,-1,12,69,4,7,0x40C,1
-1,-1,12,69,4,6,0x430,4
-1,-1,12,69,4,5,0x460,7
,,,,,,,,,,,,,
-1,-1,12,70,5,10,0x501,31
-1,-1,12,70,5,9,0x503,34
-1,-1,12,70,5,8,0x506,37
-1,-1,12,70,5,7,0x50C,2
-1,-1,12,70,5,6,0x530,5
-1,-1,12,70,5,5,0x560,8
,,,,,,,,,,,,,
-1,-0,1,1,0,4,0x040,32
1,-0,1,1,0,4,0x001,44
-1,-0,1,1,0,3,0x060,10
1,-0,1,1,0,3,0x003,45
-1,-0,1,1,0,2,0x030,15
1,-0,1,1,0,2,0x006,13
-1,-0,1,1,0,1,0x018,14
1,-0,1,1,0,1,0x00C,46
,,,,,,,,,,,,,
-1,-0,1,2,1,4,0x140,31
1,-0,1,2,1,4,0x101,41
-1,-0,1,2,1,3,0x160,8
1,-0,1,2,1,3,0x103,42
-1,-0,1,2,1,2,0x130,9
1,-0,1,2,1,2,0x106,11
-1,-0,1,2,1,1,0x118,12
1,-0,1,2,1,1,0x10C,43
,,,,,,,,,,,,,
-1,-0,1,3,2,4,0x240,30
1,-0,1,3,2,4,0x201,38
-1,-0,1,3,2,3,0x260,2
1,-0,1,3,2,3,0x203,39
-1,-0,1,3,2,2,0x230,7
1,-0,1,3,2,2,0x206,5
-1,-0,1,3,2,1,0x218,6
1,-0,1,3,2,1,0x20C,40
,,,,,,,,,,,,,
-1,-0,1,4,3,4,0x340,29
1,-0,1,4,3,4,0x301,35
-1,-0,1,4,3,3,0x360,0
1,-0,1,4,3,3,0x303,36
-1,-0,1,4,3,2,0x330,1
1,-0,1,4,3,2,0x306,3
-1,-0,1,4,3,1,0x318,4
1,-0,1,4,3,1,0x30C,37
,,,,,,,,,,,,,
-1,-0,1,71,4,4,0x440,34
1,-0,1,71,4,4,0x401,50
-1,-0,1,71,4,3,0x460,18
1,-0,1,71,4,3,0x403,51
-1,-0,1,71,4,2,0x430,23
1,-0,1,71,4,2,0x406,21
-1,-0,1,71,4,1,0x418,22
1,-0,1,71,4,1,0x40C,52
,,,,,,,,,,,,,
-1,-0,1,72,5,4,0x540,33
1,-0,1,72,5,4,0x501,47
-1,-0,1,72,5,3,0x560,16
1,-0,1,72,5,3,0x503,48
-1,-0,1,72,5,2,0x530,17
1,-0,1,72,5,2,0x506,19
-1,-0,1,72,5,1,0x518,20
1,-0,1,72,5,1,0x50C,49
,,,,,,,,,,,,,
-1,-0,2,5,0,4,0x002,50
1,-0,2,5,0,4,0x080,33
-1,-0,2,5,0,3,0x006,52
1,-0,2,5,0,3,0x0C0,16
-1,-0,2,5,0,2,0x00C,23
1,-0,2,5,0,2,0x060,17
-1,-0,2,5,0,1,0x018,51
1,-0,2,5,0,1,0x030,22
,,,,,,,,,,,,,
-1,-0,2,6,1,4,0x102,47
1,-0,2,6,1,4,0x180,34
-1,-0,2,6,1,3,0x106,49
1,-0,2,6,1,3,0x1C0,18
-1,-0,2,6,1,2,0x10C,20
1,-0,2,6,1,2,0x160,21
-1,-0,2,6,1,1,0x118,48
1,-0,2,6,1,1,0x130,19
,,,,,,,,,,,,,
-1,-0,2,7,2,4,0x202,44
1,-0,2,7,2,4,0x280,31
-1,-0,2,7,2,3,0x206,46
1,-0,2,7,2,3,0x2C0,8
-1,-0,2,7,2,2,0x20C,15
1,-0,2,7,2,2,0x260,9
-1,-0,2,7,2,1,0x218,45
1,-0,2,7,2,1,0x230,14
,,,,,,,,,,,,,
-1,-0,2,8,3,4,0x302,41
1,-0,2,8,3,4,0x380,32
-1,-0,2,8,3,3,0x306,43
1,-0,2,8,3,3,0x3C0,10
-1,-0,2,8,3,2,0x30C,13
1,-0,2,8,3,2,0x360,11
-1,-0,2,8,3,1,0x318,42
1,-0,2,8,3,1,0x330,12
,,,,,,,,,,,,,
-1,-0,2,9,4,4,0x402,38
1,-0,2,9,4,4,0x480,29
-1,-0,2,9,4,3,0x406,40
1,-0,2,9,4,3,0x4C0,0
-1,-0,2,9,4,2,0x40C,7
1,-0,2,9,4,2,0x460,1
-1,-0,2,9,4,1,0x418,39
1,-0,2,9,4,1,0x430,6
,,,,,,,,,,,,,
-1,-0,2,10,5,4,0x502,35
1,-0,2,10,5,4,0x580,30
-1,-0,2,10,5,3,0x506,37
1,-0,2,10,5,3,0x5C0,2
-1,-0,2,10,5,2,0x50C,4
1,-0,2,10,5,2,0x560,5
-1,-0,2,10,5,1,0x518,36
1,-0,2,10,5,1,0x530,3
,,,,,,,,,,,,,
-1,-0,3,11,0,4,0x002,50
1,-0,3,11,0,4,0x080,33
-1,-0,3,11,0,3,0x006,52
1,-0,3,11,0,3,0x0C0,16
-1,-0,3,11,0,2,0x00C,23
1,-0,3,11,0,2,0x060,17
-1,-0,3,11,0,1,0x018,51
1,-0,3,11,0,1,0x030,22
,,,,,,,,,,,,,
-1,-0,3,12,1,4,0x102,47
1,-0,3,12,1,4,0x180,34
-1,-0,3,12,1,3,0x106,49
1,-0,3,12,1,3,0x1C0,18
-1,-0,3,12,1,2,0x10C,20
1,-0,3,12,1,2,0x160,21
-1,-0,3,12,1,1,0x118,48
1,-0,3,12,1,1,0x130,19
,,,,,,,,,,,,,
-1,-0,3,13,2,4,0x202,44
1,-0,3,13,2,4,0x280,31
-1,-0,3,13,2,3,0x206,46
1,-0,3,13,2,3,0x2C0,8
-1,-0,3,13,2,2,0x20C,15
1,-0,3,13,2,2,0x260,9
-1,-0,3,13,2,1,0x218,45
1,-0,3,13,2,1,0x230,14
,,,,,,,,,,,,,
-1,-0,3,14,3,4,0x302,41
1,-0,3,14,3,4,0x380,32
-1,-0,3,14,3,3,0x306,43
1,-0,3,14,3,3,0x3C0,10
-1,-0,3,14,3,2,0x30C,13
1,-0,3,14,3,2,0x360,11
-1,-0,3,14,3,1,0x318,42
1,-0,3,14,3,1,0x330,12
,,,,,,,,,,,,,
-1,-0,3,15,4,4,0x402,38
1,-0,3,15,4,4,0x480,29
-1,-0,3,15,4,3,0x406,40
1,-0,3,15,4,3,0x4C0,0
-1,-0,3,15,4,2,0x40C,7
1,-0,3,15,4,2,0x460,1
-1,-0,3,15,4,1,0x418,39
1,-0,3,15,4,1,0x430,6
,,,,,,,,,,,,,
-1,-0,3,16,5,4,0x502,35
1,-0,3,16,5,4,0x580,30
-1,-0,3,16,5,3,0x506,37
1,-0,3,16,5,3,0x5C0,2
-1,-0,3,16,5,2,0x50C,4
1,-0,3,16,5,2,0x560,5
-1,-0,3,16,5,1,0x518,36
1,-0,3,16,5,1,0x530,3
,,,,,,,,,,,,,
-1,-0,4,17,0,4,0x040,34
1,-0,4,17,0,4,0x001,50
-1,-0,4,17,0,3,0x060,18
1,-0,4,17,0,3,0x003,51
-1,-0,4,17,0,2,0x030,23
1,-0,4,17,0,2,0x006,21
-1,-0,4,17,0,1,0x018,22
1,-0,4,17,0,1,0x00C,52
,,,,,,,,,,,,,
-1,-0,4,18,1,4,0x140,33
1,-0,4,18,1,4,0x101,47
-1,-0,4,18,1,3,0x160,16
1,-0,4,18,1,3,0x103,48
-1,-0,4,18,1,2,0x130,17
1,-0,4,18,1,2,0x106,19
-1,-0,4,18,1,1,0x118,20
1,-0,4,18,1,1,0x10C,49
,,,,,,,,,,,,,
-1,-0,4,19,2,4,0x240,32
1,-0,4,19,2,4,0x201,44
-1,-0,4,19,2,3,0x260,10
1,-0,4,19,2,3,0x203,45
-1,-0,4,19,2,2,0x230,15
1,-0,4,19,2,2,0x206,13
-1,-0,4,19,2,1,0x218,14
1,-0,4,19,2,1,0x20C,46
,,,,,,,,,,,,,
-1,-0,4,20,3,4,0x340,31
1,-0,4,20,3,4,0x301,41
-1,-0,4,20,3,3,0x360,8
1,-0,4,20,3,3,0x303,42
-1,-0,4,20,3,2,0x330,9
1,-0,4,20,3,2,0x306,11
-1,-0,4,20,3,1,0x318,12
1,-0,4,20,3,1,0x30C,43
,,,,,,,,,,,,,
-1,-0,4,21,4,4,0x440,30
1,-0,4,21,4,4,0x401,38
-1,-0,4,21,4,3,0x460,2
1,-0,4,21,4,3,0x403,39
-1,-0,4,21,4,2,0x430,7
1,-0,4,21,4,2,0x406,5
-1,-0,4,21,4,1,0x418,6
1,-0,4,21,4,1,0x40C,40
,,,,,,,,,,,,,
-1,-0,4,22,5,4,0x540,29
1,-0,4,22,5,4,0x501,35
-1,-0,4,22,5,3,0x560,0
1,-0,4,22,5,3,0x503,36
-1,-0,4,22,5,2,0x530,1
1,-0,4,22,5,2,0x506,3
-1,-0,4,22,5,1,0x518,4
1,-0,4,22,5,1,0x50C,37
,,,,,,,,,,,,,
-1,-0,5,23,0,4,0x040,34
1,-0,5,23,0,4,0x001,50
-1,-0,5,23,0,3,0x060,18
1,-0,5,23,0,3,0x003,51
-1,-0,5,23,0,2,0x030,23
1,-0,5,23,0,2,0x006,21
-1,-0,5,23,0,1,0x018,22
1,-0,5,23,0,1,0x00C,52
,,,,,,,,,,,,,
-1,-0,5,24,1,4,0x140,33
1,-0,5,24,1,4,0x101,47
-1,-0,5,24,1,3,0x160,16
1,-0,5,24,1,3,0x103,48
-1,-0,5,24,1,2,0x130,17
1,-0,5,24,1,2,0x106,19
-1,-0,5,24,1,1,0x118,20
1,-0,5,24,1,1,0x10C,49
,,,,,,,,,,,,,
-1,-0,5,25,2,4,0x240,32
1,-0,5,25,2,4,0x201,44
-1,-0,5,25,2,3,0x260,10
1,-0,5,25,2,3,0x203,45
-1,-0,5,25,2,2,0x230,15
1,-0,5,25,2,2,0x206,13
-1,-0,5,25,2,1,0x218,14
1,-0,5,25,2,1,0x20C,46
,,,,,,,,,,,,,
-1,-0,5,26,3,4,0x340,31
1,-0,5,26,3,4,0x301,41
-1,-0,5,26,3,3,0x360,8
1,-0,5,26,3,3,0x303,42
-1,-0,5,26,3,2,0x330,9
1,-0,5,26,3,2,0x306,11
-1,-0,5,26,3,1,0x318,12
1,-0,5,26,3,1,0x30C,43
,,,,,,,,,,,,,
-1,-0,5,27,4,4,0x440,30
1,-0,5,27,4,4,0x401,38
-1,-0,5,27,4,3,0x460,2
1,-0,5,27,4,3,0x403,39
-1,-0,5,27,4,2,0x430,7
1,-0,5,27,4,2,0x406,5
-1,-0,5,27,4,1,0x418,6
1,-0,5,27,4,1,0x40C,40
,,,,,,,,,,,,,
-1,-0,5,28,5,4,0x540,29
1,-0,5,28,5,4,0x501,35
-1,-0,5,28,5,3,0x560,0
1,-0,5,28,5,3,0x503,36
-1,-0,5,28,5,2,0x530,1
1,-0,5,28,5,2,0x506,3
-1,-0,5,28,5,1,0x518,4
1,-0,5,28,5,1,0x50C,37
,,,,,,,,,,,,,
-1,-0,6,29,0,4,0x002,47
1,-0,6,29,0,4,0x080,33
-1,-0,6,29,0,3,0x006,48
1,-0,6,29,0,3,0x0C0,16
-1,-0,6,29,0,2,0x00C,23
1,-0,6,29,0,2,0x060,17
-1,-0,6,29,0,1,0x018,49
1,-0,6,29,0,1,0x030,22
,,,,,,,,,,,,,
-1,-0,6,30,1,4,0x102,50
1,-0,6,30,1,4,0x180,34
-1,-0,6,30,1,3,0x106,51
1,-0,6,30,1,3,0x1C0,18
-1,-0,6,30,1,2,0x10C,20
1,-0,6,30,1,2,0x160,21
-1,-0,6,30,1,1,0x118,52
1,-0,6,30,1,1,0x130,19
,,,,,,,,,,,,,
-1,-0,6,31,2,4,0x202,41
1,-0,6,31,2,4,0x280,31
-1,-0,6,31,2,3,0x206,42
1,-0,6,31,2,3,0x2C0,8
-1,-0,6,31,2,2,0x20C,15
1,-0,6,31,2,2,0x260,9
-1,-0,6,31,2,1,0x218,43
1,-0,6,31,2,1,0x230,14
,,,,,,,,,,,,,
-1,-0,6,32,3,4,0x302,44
1,-0,6,32,3,4,0x380,32
-1,-0,6,32,3,3,0x306,45
1,-0,6,32,3,3,0x3C0,10
-1,-0,6,32,3,2,0x30C,13
1,-0,6,32,3,2,0x360,11
-1,-0,6,32,3,1,0x318,46
1,-0,6,32,3,1,0x330,12
,,,,,,,,,,,,,
-1,-0,6,33,4,4,0x402,38
1,-0,6,33,4,4,0x480,29
-1,-0,6,33,4,3,0x406,40
1,-0,6,33,4,3,0x4C0,0
-1,-0,6,33,4,2,0x40C,7
1,-0,6,33,4,2,0x460,1
-1,-0,6,33,4,1,0x418,39
1,-0,6,33,4,1,0x430,6
,,,,,,,,,,,,,
-1,-0,6,34,5,4,0x502,35
1,-0,6,34,5,4,0x580,30
-1,-0,6,34,5,3,0x506,37
1,-0,6,34,5,3,0x5C0,2
-1,-0,6,34,5,2,0x50C,4
1,-0,6,34,5,2,0x560,5
-1,-0,6,34,5,1,0x518,36
1,-0,6,34,5,1,0x530,3
,,,,,,,,,,,,,
-1,-0,7,35,0,4,0x002,50
1,-0,7,35,0,4,0x080,33
-1,-0,7,35,0,3,0x006,52
1,-0,7,35,0,3,0x0C0,16
-1,-0,7,35,0,2,0x00C,23
1,-0,7,35,0,2,0x060,17
-1,-0,7,35,0,1,0x018,51
1,-0,7,35,0,1,0x030,22
,,,,,,,,,,,,,
-1,-0,7,36,1,4,0x102,47
1,-0,7,36,1,4,0x180,34
-1,-0,7,36,1,3,0x106,49
1,-0,7,36,1,3,0x1C0,18
-1,-0,7,36,1,2,0x10C,20
1,-0,7,36,1,2,0x160,21
-1,-0,7,36,1,1,0x118,48
1,-0,7,36,1,1,0x130,19
,,,,,,,,,,,,,
-1,-0,7,37,2,4,0x202,44
1,-0,7,37,2,4,0x280,31
-1,-0,7,37,2,3,0x206,46
1,-0,7,37,2,3,0x2C0,8
-1,-0,7,37,2,2,0x20C,15
1,-0,7,37,2,2,0x260,9
-1,-0,7,37,2,1,0x218,45
1,-0,7,37,2,1,0x230,14
,,,,,,,,,,,,,
-1,-0,7,38,3,4,0x302,41
1,-0,7,38,3,4,0x380,32
-1,-0,7,38,3,3,0x306,43
1,-0,7,38,3,3,0x3C0,10
-1,-0,7,38,3,2,0x30C,13
1,-0,7,38,3,2,0x360,11
-1,-0,7,38,3,1,0x318,42
1,-0,7,38,3,1,0x330,12
,,,,,,,,,,,,,
-1,-0,7,39,4,4,0x402,38
1,-0,7,39,4,4,0x480,29
-1,-0,7,39,4,3,0x406,40
1,-0,7,39,4,3,0x4C0,0
-1,-0,7,39,4,2,0x40C,7
1,-0,7,39,4,2,0x460,1
-1,-0,7,39,4,1,0x418,39
1,-0,7,39,4,1,0x430,6
,,,,,,,,,,,,,
-1,-0,7,40,5,4,0x502,35
1,-0,7,40,5,4,0x580,30
-1,-0,7,40,5,3,0x506,37
1,-0,7,40,5,3,0x5C0,2
-1,-0,7,40,5,2,0x50C,4
1,-0,7,40,5,2,0x560,5
-1,-0,7,40,5,1,0x518,36
1,-0,7,40,5,1,0x530,3
,,,,,,,,,,,,,
-1,-0,8,41,0,4,0x040,34
1,-0,8,41,0,4,0x001,50
-1,-0,8,41,0,3,0x060,18
1,-0,8,41,0,3,0x003,51
-1,-0,8,41,0,2,0x030,23
1,-0,8,41,0,2,0x006,21
-1,-0,8,41,0,1,0x018,22
1,-0,8,41,0,1,0x00C,52
,,,,,,,,,,,,,
-1,-0,8,42,1,4,0x140,33
1,-0,8,42,1,4,0x101,47
-1,-0,8,42,1,3,0x160,16
1,-0,8,42,1,3,0x103,48
-1,-0,8,42,1,2,0x130,17
1,-0,8,42,1,2,0x106,19
-1,-0,8,42,1,1,0x118,20
1,-0,8,42,1,1,0x10C,49
,,,,,,,,,,,,,
-1,-0,8,43,2,4,0x240,32
1,-0,8,43,2,4,0x201,44
-1,-0,8,43,2,3,0x260,10
1,-0,8,43,2,3,0x203,45
-1,-0,8,43,2,2,0x230,15
1,-0,8,43,2,2,0x206,13
-1,-0,8,43,2,1,0x218,14
1,-0,8,43,2,1,0x20C,46
,,,,,,,,,,,,,
-1,-0,8,44,3,4,0x340,31
1,-0,8,44,3,4,0x301,41
-1,-0,8,44,3,3,0x360,8
1,-0,8,44,3,3,0x303,42
-1,-0,8,44,3,2,0x330,9
1,-0,8,44,3,2,0x306,11
-1,-0,8,44,3,1,0x318,12
1,-0,8,44,3,1,0x30C,43
,,,,,,,,,,,,,
-1,-0,8,45,4,4,0x440,30
1,-0,8,45,4,4,0x401,38
-1,-0,8,45,4,3,0x460,2
1,-0,8,45,4,3,0x403,39
-1,-0,8,45,4,2,0x430,7
1,-0,8,45,4,2,0x406,5
-1,-0,8,45,4,1,0x418,6
1,-0,8,45,4,1,0x40C,40
,,,,,,,,,,,,,
-1,-0,8,46,5,4,0x540,29
1,-0,8,46,5,4,0x501,35
-1,-0,8,46,5,3,0x560,0
1,-0,8,46,5,3,0x503,36
-1,-0,8,46,5,2,0x530,1
1,-0,8,46,5,2,0x506,3
-1,-0,8,46,5,1,0x518,4
1,-0,8,46,5,1,0x50C,37
,,,,,,,,,,,,,
-1,-0,9,47,0,4,0x040,34
1,-0,9,47,0,4,0x001,50
-1,-0,9,47,0,3,0x060,18
1,-0,9,47,0,3,0x003,51
-1,-0,9,47,0,2,0x030,23
1,-0,9,47,0,2,0x006,21
-1,-0,9,47,0,1,0x018,22
1,-0,9,47,0,1,0x00C,52
,,,,,,,,,,,,,
-1,-0,9,48,1,4,0x140,33
1,-0,9,48,1,4,0x101,47
-1,-0,9,48,1,3,0x160,16
1,-0,9,48,1,3,0x103,48
-1,-0,9,48,1,2,0x130,17
1,-0,9,48,1,2,0x106,19
-1,-0,9,48,1,1,0x118,20
1,-0,9,48,1,1,0x10C,49
,,,,,,,,,,,,,
-1,-0,9,49,2,4,0x240,32
1,-0,9,49,2,4,0x201,44
-1,-0,9,49,2,3,0x260,10
1,-0,9,49,2,3,0x203,45
-1,-0,9,49,2,2,0x230,15
1,-0,9,49,2,2,0x206,13
-1,-0,9,49,2,1,0x218,14
1,-0,9,49,2,1,0x20C,46
,,,,,,,,,,,,,
-1,-0,9,50,3,4,0x340,31
1,-0,9,50,3,4,0x301,41
-1,-0,9,50,3,3,0x360,8
1,-0,9,50,3,3,0x303,42
-1,-0,9,50,3,2,0x330,9
1,-0,9,50,3,2,0x306,11
-1,-0,9,50,3,1,0x318,12
1,-0,9,50,3,1,0x30C,43
,,,,,,,,,,,,,
-1,-0,9,51,4,4,0x440,30
1,-0,9,51,4,4,0x401,38
-1,-0,9,51,4,3,0x460,2
1,-0,9,51,4,3,0x403,39
-1,-0,9,51,4,2,0x430,7
1,-0,9,51,4,2,0x406,5
-1,-0,9,51,4,1,0x418,6
1,-0,9,51,4,1,0x40C,40
,,,,,,,,,,,,,
-1,-0,9,52,5,4,0x540,29
1,-0,9,52,5,4,0x501,35
-1,-0,9,52,5,3,0x560,0
1,-0,9,52,5,3,0x503,36
-1,-0,9,52,5,2,0x530,1
1,-0,9,52,5,2,0x506,3
-1,-0,9,52,5,1,0x518,4
1,-0,9,52,5,1,0x50C,37
,,,,,,,,,,,,,
-1,-0,10,53,0,4,0x002,50
1,-0,10,53,0,4,0x080,33
-1,-0,10,53,0,3,0x006,52
1,-0,10,53,0,3,0x0C0,16
-1,-0,10,53,0,2,0x00C,23
1,-0,10,53,0,2,0x060,17
-1,-0,10,53,0,1,0x018,51
1,-0,10,53,0,1,0x030,22
,,,,,,,,,,,,,
-1,-0,10,54,1,4,0x102,47
1,-0,10,54,1,4,0x180,34
-1,-0,10,54,1,3,0x106,49
1,-0,10,54,1,3,0x1C0,18
-1,-0,10,54,1,2,0x10C,20
1,-0,10,54,1,2,0x160,21
-1,-0,10,54,1,1,0x118,48
1,-0,10,54,1,1,0x130,19
,,,,,,,,,,,,,
-1,-0,10,55,2,4,0x202,44
1,-0,10,55,2,4,0x280,31
-1,-0,10,55,2,3,0x206,46
1,-0,10,55,2,3,0x2C0,8
-1,-0,10,55,2,2,0x20C,15
1,-0,10,55,2,2,0x260,9
-1,-0,10,55,2,1,0x218,45
1,-0,10,55,2,1,0x230,14
,,,,,,,,,,,,,
-1,-0,10,56,3,4,0x302,41
1,-0,10,56,3,4,0x380,32
-1,-0,10,56,3,3,0x306,43
1,-0,10,56,3,3,0x3C0,10
-1,-0,10,56,3,2,0x30C,13
1,-0,10,56,3,2,0x360,11
-1,-0,10,56,3,1,0x318,42
1,-0,10,56,3,1,0x330,12
,,,,,,,,,,,,,
-1,-0,10,57,4,4,0x402,38
1,-0,10,57,4,4,0x480,29
-1,-0,10,57,4,3,0x406,40
1,-0,10,57,4,3,0x4C0,0
-1,-0,10,57,4,2,0x40C,7
1,-0,10,57,4,2,0x460,1
-1,-0,10,57,4,1,0x418,39
1,-0,10,57,4,1,0x430,6
,,,,,,,,,,,,,
-1,-0,10,58,5,4,0x502,35
1,-0,10,58,5,4,0x580,30
-1,-0,10,58,5,3,0x506,37
1,-0,10,58,5,3,0x5C0,2
-1,-0,10,58,5,2,0x50C,4
1,-0,10,58,5,2,0x560,5
-1,-0,10,58,5,1,0x518,36
1,-0,10,58,5,1,0x530,3
,,,,,,,,,,,,,
-1,-0,11,59,0,4,0x002,50
1,-0,11,59,0,4,0x080,33
-1,-0,11,59,0,3,0x006,52
1,-0,11,59,0,3,0x0C0,16
-1,-0,11,59,0,2,0x00C,23
1,-0,11,59,0,2,0x060,17
-1,-0,11,59,0,1,0x018,51
1,-0,11,59,0,1,0x030,22
,,,,,,,,,,,,,
-1,-0,11,60,1,4,0x102,47
1,-0,11,60,1,4,0x180,34
-1,-0,11,60,1,3,0x106,49
1,-0,11,60,1,3,0x1C0,18
-1,-0,11,60,1,2,0x10C,20
1,-0,11,60,1,2,0x160,21
-1,-0,11,60,1,1,0x118,48
1,-0,11,60,1,1,0x130,19
,,,,,,,,,,,,,
-1,-0,11,61,2,4,0x202,44
1,-0,11,61,2,4,0x280,31
-1,-0,11,61,2,3,0x206,46
1,-0,11,61,2,3,0x2C0,8
-1,-0,11,61,2,2,0x20C,15
1,-0,11,61,2,2,0x260,9
-1,-0,11,61,2,1,0x218,45
1,-0,11,61,2,1,0x230,14
,,,,,,,,,,,,,
-1,-0,11,62,3,4,0x302,41
1,-0,11,62,3,4,0x380,32
-1,-0,11,62,3,3,0x306,43
1,-0,11,62,3,3,0x3C0,10
-1,-0,11,62,3,2,0x30C,13
1,-0,11,62,3,2,0x360,11
-1,-0,11,62,3,1,0x318,42
1,-0,11,62,3,1,0x330,12
,,,,,,,,,,,,,
-1,-0,11,63,4,4,0x402,38
1,-0,11,63,4,4,0x480,29
-1,-0,11,63,4,3,0x406,40
1,-0,11,63,4,3,0x4C0,0
-1,-0,11,63,4,2,0x40C,7
1,-0,11,63,4,2,0x460,1
-1,-0,11,63,4,1,0x418,39
1,-0,11,63,4,1,0x430,6
,,,,,,,,,,,,,
-1,-0,11,64,5,4,0x502,35
1,-0,11,64,5,4,0x580,30
-1,-0,11,64,5,3,0x506,37
1,-0,11,64,5,3,0x5C0,2
-1,-0,11,64,5,2,0x50C,4
1,-0,11,64,5,2,0x560,5
-1,-0,11,64,5,1,0x518,36
1,-0,11,64,5,1,0x530,3
,,,,,,,,,,,,,
-1,-0,12,65,0,4,0x040,34
1,-0,12,65,0,4,0x001,50
-1,-0,12,65,0,3,0x060,18
1,-0,12,65,0,3,0x003,51
-1,-0,12,65,0,2,0x030,23
1,-0,12,65,0,2,0x006,21
-1,-0,12,65,0,1,0x018,22
1,-0,12,65,0,1,0x00C,52
,,,,,,,,,,,,,
-1,-0,12,66,1,4,0x140,33
1,-0,12,66,1,4,0x101,47
-1,-0,12,66,1,3,0x160,16
1,-0,12,66,1,3,0x103,48
-1,-0,12,66,1,2,0x130,17
1,-0,12,66,1,2,0x106,19
-1,-0,12,66,1,1,0x118,20
1,-0,12,66,1,1,0x10C,49
,,,,,,,,,,,,,
-1,-0,12,67,2,4,0x240,32
1,-0,12,67,2,4,0x201,44
-1,-0,12,67,2,3,0x260,10
1,-0,12,67,2,3,0x203,45
-1,-0,12,67,2,2,0x230,15
1,-0,12,67,2,2,0x206,13
-1,-0,12,67,2,1,0x218,14
1,-0,12,67,2,1,0x20C,46
,,,,,,,,,,,,,
-1,-0,12,68,3,4,0x340,31
1,-0,12,68,3,4,0x301,41
-1,-0,12,68,3,3,0x360,8
1,-0,12,68,3,3,0x303,42
-1,-0,12,68,3,2,0x330,9
1,-0,12,68,3,2,0x306,11
-1,-0,12,68,3,1,0x318,12
1,-0,12,68,3,1,0x30C,43
,,,,,,,,,,,,,
-1,-0,12,69,4,4,0x440,30
1,-0,12,69,4,4,0x401,38
-1,-0,12,69,4,3,0x460,2
1,-0,12,69,4,3,0x403,39
-1,-0,12,69,4,2,0x430,7
1,-0,12,69,4,2,0x406,5
-1,-0,12,69,4,1,0x418,6
1,-0,12,69,4,1,0x40C,40
,,,,,,,,,,,,,
-1,-0,12,70,5,4,0x540,29
1,-0,12,70,5,4,0x501,35
-1,-0,12,70,5,3,0x560,0
1,-0,12,70,5,3,0x503,36
-1,-0,12,70,5,2,0x530,1
1,-0,12,70,5,2,0x506,3
-1,-0,12,70,5,1,0x518,4
1,-0,12,70,5,1,0x50C,37
,,,,,,,,,,,,,
1,+0,1,1,0,4,0x040,38
1,+0,1,1,0,4,0x001,41
1,+0,1,1,0,3,0x060,44
1,+0,1,1,0,3,0x003,9
1,+0,1,1,0,2,0x030,12
1,+0,1,1,0,2,0x006,15
1,+0,1,2,0,1,0x018,31
1,+0,1,2,0,1,0x00C,34
,,,,,,,,,,,,,
1,+0,1,2,1,4,0x140,37
1,+0,1,2,1,4,0x101,2
1,+0,1,2,1,3,0x160,5
1,+0,1,2,1,3,0x103,8
1,+0,1,3,1,2,0x130,30
1,+0,1,3,1,2,0x106,33
1,+0,1,3,1,1,0x118,36
1,+0,1,3,1,1,0x10C,1
,,,,,,,,,,,,,
1,+0,1,3,2,4,0x240,4
1,+0,1,3,2,4,0x201,7
1,+0,1,4,2,3,0x260,29
1,+0,1,4,2,3,0x203,32
1,+0,1,4,2,2,0x230,35
1,+0,1,4,2,2,0x206,0
1,+0,1,4,2,1,0x218,3
1,+0,1,4,2,1,0x20C,6
,,,,,,,,,,,,,
1,+0,1,71,3,4,0x340,40
1,+0,1,71,3,4,0x301,43
1,+0,1,71,3,3,0x360,46
1,+0,1,71,3,3,0x303,11
1,+0,1,71,3,2,0x330,14
1,+0,1,71,3,2,0x306,17
1,+0,1,72,3,1,0x318,39
1,+0,1,72,3,1,0x30C,42
,,,,,,,,,,,,,
1,+0,1,72,4,4,0x440,45
1,+0,1,72,4,4,0x401,10
1,+0,1,72,4,3,0x460,13
1,+0,1,72,4,3,0x403,16
1,+0,1,5,4,2,0x430,38
1,+0,1,5,4,2,0x406,41
1,+0,1,5,4,1,0x418,44
1,+0,1,5,4,1,0x40C,9
,,,,,,,,,,,,,
1,+0,1,5,5,4,0x540,12
1,+0,1,5,5,4,0x501,15
1,+0,1,6,5,3,0x560,39
1,+0,1,6,5,3,0x503,42
1,+0,1,6,5,2,0x530,45
1,+0,1,6,5,2,0x506,10
1,+0,1,6,5,1,0x518,13
1,+0,1,6,5,1,0x50C,16
,,,,,,,,,,,,,
1,+0,2,7,0,4,0x002,40
1,+0,2,7,0,4,0x080,43
1,+0,2,7,0,3,0x006,46
1,+0,2,7,0,3,0x0C0,11
1,+0,2,7,0,2,0x00C,14
1,+0,2,7,0,2,0x060,17
1,+0,2,8,0,1,0x018,29
1,+0,2,8,0,1,0x030,32
,,,,,,,,,,,,,
1,+0,2,8,1,4,0x102,35
1,+0,2,8,1,4,0x180,0
1,+0,2,8,1,3,0x106,3
1,+0,2,8,1,3,0x1C0,6
1,+0,2,9,1,2,0x10C,30
1,+0,2,9,1,2,0x160,33
1,+0,2,9,1,1,0x118,36
1,+0,2,9,1,1,0x130,1
,,,,,,,,,,,,,
1,+0,2,9,2,4,0x202,4
1,+0,2,9,2,4,0x280,7
1,+0,2,10,2,3,0x206,31
1,+0,2,10,2,3,0x2C0,34
1,+0,2,10,2,2,0x20C,37
1,+0,2,10,2,2,0x260,2
1,+0,2,10,2,1,0x218,5
1,+0,2,10,2,1,0x230,8
,,,,,,,,,,,,,
1,+0,2,11,3,4,0x302,40
1,+0,2,11,3,4,0x380,43
1,+0,2,11,3,3,0x306,46
1,+0,2,11,3,3,0x3C0,11
1,+0,2,11,3,2,0x30C,14
1,+0,2,11,3,2,0x360,17
1,+0,2,12,3,1,0x318,39
1,+0,2,12,3,1,0x330,42
,,,,,,,,,,,,,
1,+0,2,12,4,4,0x402,45
1,+0,2,12,4,4,0x480,10
1,+0,2,12,4,3,0x406,13
1,+0,2,12,4,3,0x4C0,16
1,+0,2,13,4,2,0x40C,38
1,+0,2,13,4,2,0x460,41
1,+0,2,13,4,1,0x418,44
1,+0,2,13,4,1,0x430,9
,,,,,,,,,,,,,
1,+0,2,13,5,4,0x502,12
1,+0,2,13,5,4,0x580,15
1,+0,2,14,5,3,0x506,31
1,+0,2,14,5,3,0x5C0,34
1,+0,2,14,5,2,0x50C,37
1,+0,2,14,5,2,0x560,2
1,+0,2,14,5,1,0x518,5
1,+0,2,14,5,1,0x530,8
,,,,,,,,,,,,,
1,+0,3,15,0,4,0x002,30
1,+0,3,15,0,4,0x080,33
1,+0,3,15,0,3,0x006,36
1,+0,3,15,0,3,0x0C0,1
1,+0,3,15,0,2,0x00C,4
1,+0,3,15,0,2,0x060,7
1,+0,3,16,0,1,0x018,29
1,+0,3,16,0,1,0x030,32
,,,,,,,,,,,,,
1,+0,3,16,1,4,0x102,35
1,+0,3,16,1,4,0x180,0
1,+0,3,16,1,3,0x106,3
1,+0,3,16,1,3,0x1C0,6
1,+0,3,17,1,2,0x10C,38
1,+0,3,17,1,2,0x160,41
1,+0,3,17,1,1,0x118,44
1,+0,3,17,1,1,0x130,9
,,,,,,,,,,,,,
1,+0,3,17,2,4,0x202,12
1,+0,3,17,2,4,0x280,15
1,+0,3,18,2,3,0x206,39
1,+0,3,18,2,3,0x2C0,42
1,+0,3,18,2,2,0x20C,45
1,+0,3,18,2,2,0x260,10
1,+0,3,18,2,1,0x218,13
1,+0,3,18,2,1,0x230,16
,,,,,,,,,,,,,
1,+0,3,19,3,4,0x302,40
1,+0,3,19,3,4,0x380,43
1,+0,3,19,3,3,0x306,46
1,+0,3,19,3,3,0x3C0,11
1,+0,3,19,3,2,0x30C,14
1,+0,3,19,3,2,0x360,17
1,+0,3,20,3,1,0x318,29
1,+0,3,20,3,1,0x330,32
,,,,,,,,,,,,,
1,+0,3,20,4,4,0x402,35
1,+0,3,20,4,4,0x480,0
1,+0,3,20,4,3,0x406,3
1,+0,3,20,4,3,0x4C0,6
1,+0,3,21,4,2,0x40C,30
1,+0,3,21,4,2,0x460,33
1,+0,3,21,4,1,0x418,36
1,+0,3,21,4,1,0x430,1
,,,,,,,,,,,,,
1,+0,3,21,5,4,0x502,4
1,+0,3,21,5,4,0x580,7
1,+0,3,22,5,3,0x506,31
1,+0,3,22,5,3,0x5C0,34
1,+0,3,22,5,2,0x50C,37
1,+0,3,22,5,2,0x560,2
1,+0,3,22,5,1,0x518,5
1,+0,3,22,5,1,0x530,8
,,,,,,,,,,,,,
1,+0,4,23,0,4,0x040,40
1,+0,4,23,0,4,0x001,43
1,+0,4,23,0,3,0x060,46
1,+0,4,23,0,3,0x003,11
1,+0,4,23,0,2,0x030,14
1,+0,4,23,0,2,0x006,17
1,+0,4,24,0,1,0x018,39
1,+0,4,24,0,1,0x00C,42
,,,,,,,,,,,,,
1,+0,4,24,1,4,0x140,45
1,+0,4,24,1,4,0x101,10
1,+0,4,24,1,3,0x160,13
1,+0,4,24,1,3,0x103,16
1,+0,4,25,1,2,0x130,38
1,+0,4,25,1,2,0x106,41
1,+0,4,25,1,1,0x118,44
1,+0,4,25,1,1,0x10C,9
,,,,,,,,,,,,,
1,+0,4,25,2,4,0x240,12
1,+0,4,25,2,4,0x201,15
1,+0,4,26,2,3,0x260,31
1,+0,4,26,2,3,0x203,34
1,+0,4,26,2,2,0x230,37
1,+0,4,26,2,2,0x206,2
1,+0,4,26,2,1,0x218,5
1,+0,4,26,2,1,0x20C,8
,,,,,,,,,,,,,
1,+0,4,27,3,4,0x340,30
1,+0,4,27,3,4,0x301,33
1,+0,4,27,3,3,0x360,36
1,+0,4,27,3,3,0x303,1
1,+0,4,27,3,2,0x330,4
1,+0,4,27,3,2,0x306,7
1,+0,4,28,3,1,0x318,29
1,+0,4,28,3,1,0x30C,32
,,,,,,,,,,,,,
1,+0,4,28,4,4,0x440,35
1,+0,4,28,4,4,0x401,0
1,+0,4,28,4,3,0x460,3
1,+0,4,28,4,3,0x403,6
1,+0,4,29,4,2,0x430,38
1,+0,4,29,4,2,0x406,41
1,+0,4,29,4,1,0x418,44
1,+0,4,29,4,1,0x40C,9
,,,,,,,,,,,,,
1,+0,4,29,5,4,0x540,12
1,+0,4,29,5,4,0x501,15
1,+0,4,30,5,3,0x560,39
1,+0,4,30,5,3,0x503,42
1,+0,4,30,5,2,0x530,45
1,+0,4,30,5,2,0x506,10
1,+0,4,30,5,1,0x518,13
1,+0,4,30,5,1,0x50C,16
,,,,,,,,,,,,,
1,+0,5,31,0,4,0x040,40
1,+0,5,31,0,4,0x001,43
1,+0,5,31,0,3,0x060,46
1,+0,5,31,0,3,0x003,11
1,+0,5,31,0,2,0x030,14
1,+0,5,31,0,2,0x006,17
1,+0,5,32,0,1,0x018,29
1,+0,5,32,0,1,0x00C,32
,,,,,,,,,,,,,
1,+0,5,32,1,4,0x140,35
1,+0,5,32,1,4,0x101,0
1,+0,5,32,1,3,0x160,3
1,+0,5,32,1,3,0x103,6
1,+0,5,33,1,2,0x130,30
1,+0,5,33,1,2,0x106,33
1,+0,5,33,1,1,0x118,36
1,+0,5,33,1,1,0x10C,1
,,,,,,,,,,,,,
1,+0,5,33,2,4,0x240,4
1,+0,5,33,2,4,0x201,7
1,+0,5,34,2,3,0x260,31
1,+0,5,34,2,3,0x203,34
1,+0,5,34,2,2,0x230,37
1,+0,5,34,2,2,0x206,2
1,+0,5,34,2,1,0x218,5
1,+0,5,34,2,1,0x20C,8
,,,,,,,,,,,,,
1,+0,5,35,3,4,0x340,40
1,+0,5,35,3,4,0x301,43
1,+0,5,35,3,3,0x360,46
1,+0,5,35,3,3,0x303,11
1,+0,5,35,3,2,0x330,14
1,+0,5,35,3,2,0x306,17
1,+0,5,36,3,1,0x318,39
1,+0,5,36,3,1,0x30C,42
,,,,,,,,,,,,,
1,+0,5,36,4,4,0x440,45
1,+0,5,36,4,4,0x401,10
1,+0,5,36,4,3,0x460,13
1,+0,5,36,4,3,0x403,16
1,+0,5,37,4,2,0x430,38
1,+0,5,37,4,2,0x406,41
1,+0,5,37,4,1,0x418,44
1,+0,5,37,4,1,0x40C,9
,,,,,,,,,,,,,
1,+0,5,37,5,4,0x540,12
1,+0,5,37,5,4,0x501,15
1,+0,5,38,5,3,0x560,31
1,+0,5,38,5,3,0x503,34
1,+0,5,38,5,2,0x530,37
1,+0,5,38,5,2,0x506,2
1,+0,5,38,5,1,0x518,5
1,+0,5,38,5,1,0x50C,8
,,,,,,,,,,,,,
1,+0,6,39,0,4,0x002,30
1,+0,6,39,0,4,0x080,33
1,+0,6,39,0,3,0x006,36
1,+0,6,39,0,3,0x0C0,1
1,+0,6,39,0,2,0x00C,4
1,+0,6,39,0,2,0x060,7
1,+0,6,40,0,1,0x018,29
1,+0,6,40,0,1,0x030,32
,,,,,,,,,,,,,
1,+0,6,40,1,4,0x102,35
1,+0,6,40,1,4,0x180,0
1,+0,6,40,1,3,0x106,3
1,+0,6,40,1,3,0x1C0,6
1,+0,6,41,1,2,0x10C,38
1,+0,6,41,1,2,0x160,41
1,+0,6,41,1,1,0x118,44
1,+0,6,41,1,1,0x130,9
,,,,,,,,,,,,,
1,+0,6,41,2,4,0x202,12
1,+0,6,41,2,4,0x280,15
1,+0,6,42,2,3,0x206,39
1,+0,6,42,2,3,0x2C0,42
1,+0,6,42,2,2,0x20C,45
1,+0,6,42,2,2,0x260,10
1,+0,6,42,2,1,0x218,13
1,+0,6,42,2,1,0x230,16
,,,,,,,,,,,,,
1,+0,6,43,3,4,0x302,40
1,+0,6,43,3,4,0x380,43
1,+0,6,43,3,3,0x306,46
1,+0,6,43,3,3,0x3C0,11
1,+0,6,43,3,2,0x30C,14
1,+0,6,43,3,2,0x360,17
1,+0,6,44,3,1,0x318,29
1,+0,6,44,3,1,0x330,32
,,,,,,,,,,,,,
1,+0,6,44,4,4,0x402,35
1,+0,6,44,4,4,0x480,0
1,+0,6,44,4,3,0x406,3
1,+0,6,44,4,3,0x4C0,6
1,+0,6,45,4,2,0x40C,30
1,+0,6,45,4,2,0x460,33
1,+0,6,45,4,1,0x418,36
1,+0,6,45,4,1,0x430,1
,,,,,,,,,,,,,
1,+0,6,45,5,4,0x502,4
1,+0,6,45,5,4,0x580,7
1,+0,6,46,5,3,0x506,31
1,+0,6,46,5,3,0x5C0,34
1,+0,6,46,5,2,0x50C,37
1,+0,6,46,5,2,0x560,2
1,+0,6,46,5,1,0x518,5
1,+0,6,46,5,1,0x530,8
,,,,,,,,,,,,,
1,+0,7,47,0,4,0x002,40
1,+0,7,47,0,4,0x080,43
1,+0,7,47,0,3,0x006,46
1,+0,7,47,0,3,0x0C0,11
1,+0,7,47,0,2,0x00C,14
1,+0,7,47,0,2,0x060,17
1,+0,7,48,0,1,0x018,39
1,+0,7,48,0,1,0x030,42
,,,,,,,,,,,,,
1,+0,7,48,1,4,0x102,45
1,+0,7,48,1,4,0x180,10
1,+0,7,48,1,3,0x106,13
1,+0,7,48,1,3,0x1C0,16
1,+0,7,49,1,2,0x10C,38
1,+0,7,49,1,2,0x160,41
1,+0,7,49,1,1,0x118,44
1,+0,7,49,1,1,0x130,9
,,,,,,,,,,,,,
1,+0,7,49,2,4,0x202,12
1,+0,7,49,2,4,0x280,15
1,+0,7,50,2,3,0x206,31
1,+0,7,50,2,3,0x2C0,34
1,+0,7,50,2,2,0x20C,37
1,+0,7,50,2,2,0x260,2
1,+0,7,50,2,1,0x218,5
1,+0,7,50,2,1,0x230,8
,,,,,,,,,,,,,
1,+0,7,51,3,4,0x302,30
1,+0,7,51,3,4,0x380,33
1,+0,7,51,3,3,0x306,36
1,+0,7,51,3,3,0x3C0,1
1,+0,7,51,3,2,0x30C,4
1,+0,7,51,3,2,0x360,7
1,+0,7,52,3,1,0x318,29
1,+0,7,52,3,1,0x330,32
,,,,,,,,,,,,,
1,+0,7,52,4,4,0x402,35
1,+0,7,52,4,4,0x480,0
1,+0,7,52,4,3,0x406,3
1,+0,7,52,4,3,0x4C0,6
1,+0,7,53,4,2,0x40C,38
1,+0,7,53,4,2,0x460,41
1,+0,7,53,4,1,0x418,44
1,+0,7,53,4,1,0x430,9
,,,,,,,,,,,,,
1,+0,7,53,5,4,0x502,12
1,+0,7,53,5,4,0x580,15
1,+0,7,54,5,3,0x506,39
1,+0,7,54,5,3,0x5C0,42
1,+0,7,54,5,2,0x50C,45
1,+0,7,54,5,2,0x560,10
1,+0,7,54,5,1,0x518,13
1,+0,7,54,5,1,0x530,16
,,,,,,,,,,,,,
1,+0,8,55,0,4,0x040,40
1,+0,8,55,0,4,0x001,43
1,+0,8,55,0,3,0x060,46
1,+0,8,55,0,3,0x003,11
1,+0,8,55,0,2,0x030,14
1,+0,8,55,0,2,0x006,17
1,+0,8,56,0,1,0x018,29
1,+0,8,56,0,1,0x00C,32
,,,,,,,,,,,,,
1,+0,8,56,1,4,0x140,35
1,+0,8,56,1,4,0x101,0
1,+0,8,56,1,3,0x160,3
1,+0,8,56,1,3,0x103,6
1,+0,8,57,1,2,0x130,30
1,+0,8,57,1,2,0x106,33
1,+0,8,57,1,1,0x118,36
1,+0,8,57,1,1,0x10C,1
,,,,,,,,,,,,,
1,+0,8,57,2,4,0x240,4
1,+0,8,57,2,4,0x201,7
1,+0,8,58,2,3,0x260,31
1,+0,8,58,2,3,0x203,34
1,+0,8,58,2,2,0x230,37
1,+0,8,58,2,2,0x206,2
1,+0,8,58,2,1,0x218,5
1,+0,8,58,2,1,0x20C,8
,,,,,,,,,,,,,
1,+0,8,59,3,4,0x340,40
1,+0,8,59,3,4,0x301,43
1,+0,8,59,3,3,0x360,46
1,+0,8,59,3,3,0x303,11
1,+0,8,59,3,2,0x330,14
1,+0,8,59,3,2,0x306,17
1,+0,8,60,3,1,0x318,39
1,+0,8,60,3,1,0x30C,42
,,,,,,,,,,,,,
1,+0,8,60,4,4,0x440,45
1,+0,8,60,4,4,0x401,10
1,+0,8,60,4,3,0x460,13
1,+0,8,60,4,3,0x403,16
1,+0,8,61,4,2,0x430,38
1,+0,8,61,4,2,0x406,41
1,+0,8,61,4,1,0x418,44
1,+0,8,61,4,1,0x40C,9
,,,,,,,,,,,,,
1,+0,8,61,5,4,0x540,12
1,+0,8,61,5,4,0x501,15
1,+0,8,62,5,3,0x560,31
1,+0,8,62,5,3,0x503,34
1,+0,8,62,5,2,0x530,37
1,+0,8,62,5,2,0x506,2
1,+0,8,62,5,1,0x518,5
1,+0,8,62,5,1,0x50C,8
,,,,,,,,,,,,,
1,+0,9,63,0,4,0x040,30
1,+0,9,63,0,4,0x001,33
1,+0,9,63,0,3,0x060,36
1,+0,9,63,0,3,0x003,1
1,+0,9,63,0,2,0x030,4
1,+0,9,63,0,2,0x006,7
1,+0,9,64,0,1,0x018,29
1,+0,9,64,0,1,0x00C,32
,,,,,,,,,,,,,
1,+0,9,64,1,4,0x140,35
1,+0,9,64,1,4,0x101,0
1,+0,9,64,1,3,0x160,3
1,+0,9,64,1,3,0x103,6
1,+0,9,65,1,2,0x130,38
1,+0,9,65,1,2,0x106,41
1,+0,9,65,1,1,0x118,44
1,+0,9,65,1,1,0x10C,9
,,,,,,,,,,,,,
1,+0,9,65,2,4,0x240,12
1,+0,9,65,2,4,0x201,15
1,+0,9,66,2,3,0x260,39
1,+0,9,66,2,3,0x203,42
1,+0,9,66,2,2,0x230,45
1,+0,9,66,2,2,0x206,10
1,+0,9,66,2,1,0x218,13
1,+0,9,66,2,1,0x20C,16
,,,,,,,,,,,,,
1,+0,9,67,3,4,0x340,40
1,+0,9,67,3,4,0x301,43
1,+0,9,67,3,3,0x360,46
1,+0,9,67,3,3,0x303,11
1,+0,9,67,3,2,0x330,14
1,+0,9,67,3,2,0x306,17
1,+0,9,68,3,1,0x318,29
1,+0,9,68,3,1,0x30C,32
,,,,,,,,,,,,,
1,+0,9,68,4,4,0x440,35
1,+0,9,68,4,4,0x401,0
1,+0,9,68,4,3,0x460,3
1,+0,9,68,4,3,0x403,6
1,+0,9,69,4,2,0x430,30
1,+0,9,69,4,2,0x406,33
1,+0,9,69,4,1,0x418,36
1,+0,9,69,4,1,0x40C,1
,,,,,,,,,,,,,
1,+0,9,69,5,4,0x540,4
1,+0,9,69,5,4,0x501,7
1,+0,9,70,5,3,0x560,31
1,+0,9,70,5,3,0x503,34
1,+0,9,70,5,2,0x530,37
1,+0,9,70,5,2,0x506,2
1,+0,9,70,5,1,0x518,5
1,+0,9,70,5,1,0x50C,8
,,,,,,,,,,,,,
1,+0,10,1,0,4,0x002,29
1,+0,10,1,0,4,0x080,32
1,+0,10,1,0,3,0x006,35
1,+0,10,1,0,3,0x0C0,38
1,+0,10,1,0,2,0x00C,41
1,+0,10,2,0,2,0x060,2
1,+0,10,2,0,1,0x018,5
1,+0,10,2,0,1,0x030,8
,,,,,,,,,,,,,
1,+0,10,2,1,4,0x102,11
1,+0,10,2,1,4,0x180,14
1,+0,10,3,1,3,0x106,1
1,+0,10,3,1,3,0x1C0,4
1,+0,10,3,1,2,0x10C,7
1,+0,10,3,1,2,0x160,10
1,+0,10,3,1,1,0x118,13
1,+0,10,4,1,1,0x130,0
,,,,,,,,,,,,,
1,+0,10,4,2,4,0x202,3
1,+0,10,4,2,4,0x280,6
1,+0,10,4,2,3,0x206,9
1,+0,10,4,2,3,0x2C0,12
1,+0,10,71,2,2,0x20C,31
1,+0,10,71,2,2,0x260,34
1,+0,10,71,2,1,0x218,37
1,+0,10,71,2,1,0x230,40
,,,,,,,,,,,,,
1,+0,10,71,3,4,0x302,43
1,+0,10,72,3,4,0x380,30
1,+0,10,72,3,3,0x306,33
1,+0,10,72,3,3,0x3C0,36
1,+0,10,72,3,2,0x30C,39
1,+0,10,72,3,2,0x360,42
1,+0,10,5,3,1,0x318,29
1,+0,10,5,3,1,0x330,32
,,,,,,,,,,,,,
1,+0,10,5,4,4,0x402,35
1,+0,10,5,4,4,0x480,38
1,+0,10,5,4,3,0x406,41
1,+0,10,6,4,3,0x4C0,30
1,+0,10,6,4,2,0x40C,33
1,+0,10,6,4,2,0x460,36
1,+0,10,6,4,1,0x418,39
1,+0,10,6,4,1,0x430,42
,,,,,,,,,,,,,
1,+0,10,7,5,4,0x502,31
1,+0,10,7,5,4,0x580,34
1,+0,10,7,5,3,0x506,37
1,+0,10,7,5,3,0x5C0,40
1,+0,10,7,5,2,0x50C,43
1,+0,10,8,5,2,0x560,0
1,+0,10,8,5,1,0x518,3
1,+0,10,8,5,1,0x530,6
,,,,,,,,,,,,,
1,+0,11,8,0,4,0x002,9
1,+0,11,8,0,4,0x080,12
1,+0,11,9,0,3,0x006,1
1,+0,11,9,0,3,0x0C0,4
1,+0,11,9,0,2,0x00C,7
1,+0,11,9,0,2,0x060,10
1,+0,11,9,0,1,0x018,13
1,+0,11,10,0,1,0x030,2
,,,,,,,,,,,,,
1,+0,11,10,1,4,0x102,5
1,+0,11,10,1,4,0x180,8
1,+0,11,10,1,3,0x106,11
1,+0,11,10,1,3,0x1C0,14
1,+0,11,11,1,2,0x10C,31
1,+0,11,11,1,2,0x160,34
1,+0,11,11,1,1,0x118,37
1,+0,11,11,1,1,0x130,40
,,,,,,,,,,,,,
1,+0,11,11,2,4,0x202,43
1,+0,11,12,2,4,0x280,30
1,+0,11,12,2,3,0x206,33
1,+0,11,12,2,3,0x2C0,36
1,+0,11,12,2,2,0x20C,39
1,+0,11,12,2,2,0x260,42
1,+0,11,13,2,1,0x218,29
1,+0,11,13,2,1,0x230,32
,,,,,,,,,,,,,
1,+0,11,13,3,4,0x302,35
1,+0,11,13,3,4,0x380,38
1,+0,11,13,3,3,0x306,41
1,+0,11,14,3,3,0x3C0,2
1,+0,11,14,3,2,0x30C,5
1,+0,11,14,3,2,0x360,8
1,+0,11,14,3,1,0x318,11
1,+0,11,14,3,1,0x330,14
,,,,,,,,,,,,,
1,+0,11,15,4,4,0x402,1
1,+0,11,15,4,4,0x480,4
1,+0,11,15,4,3,0x406,7
1,+0,11,15,4,3,0x4C0,10
1,+0,11,15,4,2,0x40C,13
1,+0,11,16,4,2,0x460,0
1,+0,11,16,4,1,0x418,3
1,+0,11,16,4,1,0x430,6
,,,,,,,,,,,,,
1,+0,11,16,5,4,0x502,9
1,+0,11,16,5,4,0x580,12
1,+0,11,17,5,3,0x506,29
1,+0,11,17,5,3,0x5C0,32
1,+0,11,17,5,2,0x50C,35
1,+0,11,17,5,2,0x560,38
1,+0,11,17,5,1,0x518,41
1,+0,11,18,5,1,0x530,30
,,,,,,,,,,,,,
1,+0,12,18,0,4,0x040,33
1,+0,12,18,0,4,0x001,36
1,+0,12,18,0,3,0x060,39
1,+0,12,18,0,3,0x003,42
1,+0,12,19,0,2,0x030,31
1,+0,12,19,0,2,0x006,34
1,+0,12,19,0,1,0x018,37
1,+0,12,19,0,1,0x00C,40
,,,,,,,,,,,,,
1,+0,12,19,1,4,0x140,43
1,+0,12,20,1,4,0x101,0
1,+0,12,20,1,3,0x160,3
1,+0,12,20,1,3,0x103,6
1,+0,12,20,1,2,0x130,9
1,+0,12,20,1,2,0x106,12
1,+0,12,21,1,1,0x118,1
1,+0,12,21,1,1,0x10C,4
,,,,,,,,,,,,,
1,+0,12,21,2,4,0x240,7
1,+0,12,21,2,4,0x201,10
1,+0,12,21,2,3,0x260,13
1,+0,12,22,2,3,0x203,2
1,+0,12,22,2,2,0x230,5
1,+0,12,22,2,2,0x206,8
1,+0,12,22,2,1,0x218,11
1,+0,12,22,2,1,0x20C,14
,,,,,,,,,,,,,
1,+0,12,23,3,4,0x340,31
1,+0,12,23,3,4,0x301,34
1,+0,12,23,3,3,0x360,37
1,+0,12,23,3,3,0x303,40
1,+0,12,23,3,2,0x330,43
1,+0,12,24,3,2,0x306,30
1,+0,12,24,3,1,0x318,33
1,+0,12,24,3,1,0x30C,36
,,,,,,,,,,,,,
1,+0,12,24,4,4,0x440,39
1,+0,12,24,4,4,0x401,42
1,+0,12,25,4,3,0x460,29
1,+0,12,25,4,3,0x403,32
1,+0,12,25,4,2,0x430,35
1,+0,12,25,4,2,0x406,38
1,+0,12,25,4,1,0x418,41
1,+0,12,26,4,1,0x40C,2
,,,,,,,,,,,,,
1,+0,12,26,5,4,0x540,5
1,+0,12,26,5,4,0x501,8
1,+0,12,26,5,3,0x560,11
1,+0,12,26,5,3,0x503,14
1,+0,12,27,5,2,0x530,1
1,+0,12,27,5,2,0x506,4
1,+0,12,27,5,1,0x518,7
1,+0,12,27,5,1,0x50C,10
,,,,,,,,,,,,,
1,1,1,27,0,10,0x001,13
1,1,1,28,0,9,0x003,0
1,1,1,28,0,8,0x006,3
1,1,1,28,0,7,0x00C,6
1,1,1,28,0,6,0x030,9
1,1,1,28,0,5,0x060,12
,,,,,,,,,,,,,
1,1,1,29,1,10,0x101,29
1,1,1,29,1,9,0x103,32
1,1,1,29,1,8,0x106,35
1,1,1,29,1,7,0x10C,38
1,1,1,29,1,6,0x130,41
1,1,1,30,1,5,0x160,30
,,,,,,,,,,,,,
1,1,1,30,2,10,0x201,33
1,1,1,30,2,9,0x203,36
1,1,1,30,2,8,0x206,39
1,1,1,30,2,7,0x20C,42
1,1,1,31,2,6,0x230,31
1,1,1,31,2,5,0x260,34
,,,,,,,,,,,,,
1,1,1,31,3,10,0x301,37
1,1,1,31,3,9,0x303,40
1,1,1,31,3,8,0x306,43
1,1,1,32,3,7,0x30C,0
1,1,1,32,3,6,0x330,3
1,1,1,32,3,5,0x360,6
,,,,,,,,,,,,,
1,1,1,32,4,10,0x401,9
1,1,1,32,4,9,0x403,12
1,1,1,33,4,8,0x406,1
1,1,1,33,4,7,0x40C,4
1,1,1,33,4,6,0x430,7
1,1,1,33,4,5,0x460,10
,,,,,,,,,,,,,
1,1,1,33,5,10,0x501,13
1,1,1,34,5,9,0x503,2
1,1,1,34,5,8,0x506,5
1,1,1,34,5,7,0x50C,8
1,1,1,34,5,6,0x530,11
1,1,1,34,5,5,0x560,14
,,,,,,,,,,,,,
1,1,2,35,0,10,0x001,31
1,1,2,35,0,9,0x003,34
1,1,2,35,0,8,0x006,37
1,1,2,35,0,7,0x00C,40
1,1,2,35,0,6,0x030,43
1,1,2,36,0,5,0x060,30
,,,,,,,,,,,,,
1,1,2,36,1,10,0x101,33
1,1,2,36,1,9,0x103,36
1,1,2,36,1,8,0x106,39
1,1,2,36,1,7,0x10C,42
1,1,2,37,1,6,0x130,29
1,1,2,37,1,5,0x160,32
,,,,,,,,,,,,,
1,1,2,37,2,10,0x201,35
1,1,2,37,2,9,0x203,38
1,1,2,37,2,8,0x206,41
1,1,2,38,2,7,0x20C,2
1,1,2,38,2,6,0x230,5
1,1,2,38,2,5,0x260,8
,,,,,,,,,,,,,
1,1,2,38,3,10,0x301,11
1,1,2,38,3,9,0x303,14
1,1,2,39,3,8,0x306,1
1,1,2,39,3,7,0x30C,4
1,1,2,39,3,6,0x330,7
1,1,2,39,3,5,0x360,10
,,,,,,,,,,,,,
1,1,2,39,4,10,0x401,13
1,1,2,40,4,9,0x403,0
1,1,2,40,4,8,0x406,3
1,1,2,40,4,7,0x40C,6
1,1,2,40,4,6,0x430,9
1,1,2,40,4,5,0x460,12
,,,,,,,,,,,,,
1,1,2,41,5,10,0x501,29
1,1,2,41,5,9,0x503,32
1,1,2,41,5,8,0x506,35
1,1,2,41,5,7,0x50C,38
1,1,2,41,5,6,0x530,41
1,1,2,42,5,5,0x560,30
,,,,,,,,,,,,,
1,1,3,42,0,10,0x001,33
1,1,3,42,0,9,0x003,36
1,1,3,42,0,8,0x006,39
1,1,3,42,0,7,0x00C,42
1,1,3,43,0,6,0x030,31
1,1,3,43,0,5,0x060,34
,,,,,,,,,,,,,
1,1,3,43,1,10,0x101,37
1,1,3,43,1,9,0x103,40
1,1,3,43,1,8,0x106,43
1,1,3,44,1,7,0x10C,0
1,1,3,44,1,6,0x130,3
1,1,3,44,1,5,0x160,6
,,,,,,,,,,,,,
1,1,3,44,2,10,0x201,9
1,1,3,44,2,9,0x203,12
1,1,3,45,2,8,0x206,1
1,1,3,45,2,7,0x20C,4
1,1,3,45,2,6,0x230,7
1,1,3,45,2,5,0x260,10
,,,,,,,,,,,,,
1,1,3,45,3,10,0x301,13
1,1,3,46,3,9,0x303,2
1,1,3,46,3,8,0x306,5
1,1,3,46,3,7,0x30C,8
1,1,3,46,3,6,0x330,11
1,1,3,46,3,5,0x360,14
,,,,,,,,,,,,,
1,1,3,47,4,10,0x401,31
1,1,3,47,4,9,0x403,34
1,1,3,47,4,8,0x406,37
1,1,3,47,4,7,0x40C,40
1,1,3,47,4,6,0x430,43
1,1,3,48,4,5,0x460,30
,,,,,,,,,,,,,
1,1,3,48,5,10,0x501,33
1,1,3,48,5,9,0x503,36
1,1,3,48,5,8,0x506,39
1,1,3,48,5,7,0x50C,42
1,1,3,49,5,6,0x530,29
1,1,3,49,5,5,0x560,32
,,,,,,,,,,,,,
1,1,4,49,0,10,0x001,35
1,1,4,49,0,9,0x003,38
1,1,4,49,0,8,0x006,41
1,1,4,50,0,7,0x00C,2
1,1,4,50,0,6,0x030,5
1,1,4,50,0,5,0x060,8
,,,,,,,,,,,,,
1,1,4,50,1,10,0x101,11
1,1,4,50,1,9,0x103,14
1,1,4,51,1,8,0x106,1
1,1,4,51,1,7,0x10C,4
1,1,4,51,1,6,0x130,7
1,1,4,51,1,5,0x160,10
,,,,,,,,,,,,,
1,1,4,51,2,10,0x201,13
1,1,4,52,2,9,0x203,0
1,1,4,52,2,8,0x206,3
1,1,4,52,2,7,0x20C,6
1,1,4,52,2,6,0x230,9
1,1,4,52,2,5,0x260,12
,,,,,,,,,,,,,
1,1,4,53,3,10,0x301,29
1,1,4,53,3,9,0x303,32
1,1,4,53,3,8,0x306,35
1,1,4,53,3,7,0x30C,38
1,1,4,53,3,6,0x330,41
1,1,4,54,3,5,0x360,30
,,,,,,,,,,,,,
1,1,4,54,4,10,0x401,33
1,1,4,54,4,9,0x403,36
1,1,4,54,4,8,0x406,39
1,1,4,54,4,7,0x40C,42
1,1,4,55,4,6,0x430,31
1,1,4,55,4,5,0x460,34
,,,,,,,,,,,,,
1,1,4,55,5,10,0x501,37
1,1,4,55,5,9,0x503,40
1,1,4,55,5,8,0x506,43
1,1,4,56,5,7,0x50C,0
1,1,4,56,5,6,0x530,3
1,1,4,56,5,5,0x560,6
,,,,,,,,,,,,,
1,1,5,56,0,10,0x001,9
1,1,5,56,0,9,0x003,12
1,1,5,57,0,8,0x006,1
1,1,5,57,0,7,0x00C,4
1,1,5,57,0,6,0x030,7
1,1,5,57,0,5,0x060,10
,,,,,,,,,,,,,
1,1,5,57,1,10,0x101,13
1,1,5,58,1,9,0x103,2
1,1,5,58,1,8,0x106,5
1,1,5,58,1,7,0x10C,8
1,1,5,58,1,6,0x130,11
1,1,5,58,1,5,0x160,14
,,,,,,,,,,,,,
1,1,5,59,2,10,0x201,31
1,1,5,59,2,9,0x203,34
1,1,5,59,2,8,0x206,37
1,1,5,59,2,7,0x20C,40
1,1,5,59,2,6,0x230,43
1,1,5,60,2,5,0x260,30
,,,,,,,,,,,,,
1,1,5,60,3,10,0x301,33
1,1,5,60,3,9,0x303,36
1,1,5,60,3,8,0x306,39
1,1,5,60,3,7,0x30C,42
1,1,5,61,3,6,0x330,29
1,1,5,61,3,5,0x360,32
,,,,,,,,,,,,,
1,1,5,61,4,10,0x401,35
1,1,5,61,4,9,0x403,38
1,1,5,61,4,8,0x406,41
1,1,5,62,4,7,0x40C,2
1,1,5,62,4,6,0x430,5
1,1,5,62,4,5,0x460,8
,,,,,,,,,,,,,
1,1,5,62,5,10,0x501,11
1,1,5,62,5,9,0x503,14
1,1,5,63,5,8,0x506,1
1,1,5,63,5,7,0x50C,4
1,1,5,63,5,6,0x530,7
1,1,5,63,5,5,0x560,10
,,,,,,,,,,,,,
1,1,6,63,0,10,0x001,13
1,1,6,64,0,9,0x003,0
1,1,6,64,0,8,0x006,3
1,1,6,64,0,7,0x00C,6
1,1,6,64,0,6,0x030,9
1,1,6,64,0,5,0x060,12
,,,,,,,,,,,,,
1,1,6,65,1,10,0x101,29
1,1,6,65,1,9,0x103,32
1,1,6,65,1,8,0x106,35
1,1,6,65,1,7,0x10C,38
1,1,6,65,1,6,0x130,41
1,1,6,66,1,5,0x160,30
,,,,,,,,,,,,,
1,1,6,66,2,10,0x201,33
1,1,6,66,2,9,0x203,36
1,1,6,66,2,8,0x206,39
1,1,6,66,2,7,0x20C,42
1,1,6,67,2,6,0x230,31
1,1,6,67,2,5,0x260,34
,,,,,,,,,,,,,
1,1,6,67,3,10,0x301,37
1,1,6,67,3,9,0x303,40
1,1,6,67,3,8,0x306,43
1,1,6,68,3,7,0x30C,0
1,1,6,68,3,6,0x330,3
1,1,6,68,3,5,0x360,6
,,,,,,,,,,,,,
1,1,6,68,4,10,0x401,9
1,1,6,68,4,9,0x403,12
1,1,6,69,4,8,0x406,1
1,1,6,69,4,7,0x40C,4
1,1,6,69,4,6,0x430,7
1,1,6,69,4,5,0x460,10
,,,,,,,,,,,,,
1,1,6,69,5,10,0x501,13
1,1,6,70,5,9,0x503,2
1,1,6,70,5,8,0x506,5
1,1,6,70,5,7,0x50C,8
1,1,6,70,5,6,0x530,11
1,1,6,70,5,5,0x560,14
,,,,,,,,,,,,,
,1,7,,0,10,0x001,
,1,7,,0,9,0x003,
,1,7,,0,8,0x006,
,1,7,,0,7,0x00C,
,1,7,,0,6,0x030,
,1,7,,0,5,0x060,
,,,,,,,,,,,,,
,1,7,,1,10,0x101,
,1,7,,1,9,0x103,
,1,7,,1,8,0x106,
,1,7,,1,7,0x10C,
,1,7,,1,6,0x130,
,1,7,,1,5,0x160,
,,,,,,,,,,,,,
,1,7,,2,10,0x201,
,1,7,,2,9,0x203,
,1,7,,2,8,0x206,
,1,7,,2,7,0x20C,
,1,7,,2,6,0x230,
,1,7,,2,5,0x260,
,,,,,,,,,,,,,
,1,7,,3,10,0x301,
,1,7,,3,9,0x303,
,1,7,,3,8,0x306,
,1,7,,3,7,0x30C,
,1,7,,3,6,0x330,
,1,7,,3,5,0x360,
,,,,,,,,,,,,,
,1,7,,4,10,0x401,
,1,7,,4,9,0x403,
,1,7,,4,8,0x406,
,1,7,,4,7,0x40C,
,1,7,,4,6,0x430,
,1,7,,4,5,0x460,
,,,,,,,,,,,,,
,1,7,,5,10,0x501,
,1,7,,5,9,0x503,
,1,7,,5,8,0x506,
,1,7,,5,7,0x50C,
,1,7,,5,6,0x530,
,1,7,,5,5,0x560,
,,,,,,,,,,,,,
,1,8,,0,10,0x001,
,1,8,,0,9,0x003,
,1,8,,0,8,0x006,
,1,8,,0,7,0x00C,
,1,8,,0,6,0x030,
,1,8,,0,5,0x060,
,,,,,,,,,,,,,
,1,8,,1,10,0x101,
,1,8,,1,9,0x103,
,1,8,,1,8,0x106,
,1,8,,1,7,0x10C,
,1,8,,1,6,0x130,
,1,8,,1,5,0x160,
,,,,,,,,,,,,,
,1,8,,2,10,0x201,
,1,8,,2,9,0x203,
,1,8,,2,8,0x206,
,1,8,,2,7,0x20C,
,1,8,,2,6,0x230,
,1,8,,2,5,0x260,
,,,,,,,,,,,,,
,1,8,,3,10,0x301,
,1,8,,3,9,0x303,
,1,8,,3,8,0x306,
,1,8,,3,7,0x30C,
,1,8,,3,6,0x330,
,1,8,,3,5,0x360,
,,,,,,,,,,,,,
,1,8,,4,10,0x401,
,1,8,,4,9,0x403,
,1,8,,4,8,0x406,
,1,8,,4,7,0x40C,
,1,8,,4,6,0x430,
,1,8,,4,5,0x460,
,,,,,,,,,,,,,
,1,8,,5,10,0x501,
,1,8,,5,9,0x503,
,1,8,,5,8,0x506,
,1,8,,5,7,0x50C,
,1,8,,5,6,0x530,
,1,8,,5,5,0x560,
,,,,,,,,,,,,,
,1,9,,0,10,0x001,
,1,9,,0,9,0x003,
,1,9,,0,8,0x006,
,1,9,,0,7,0x00C,
,1,9,,0,6,0x030,
,1,9,,0,5,0x060,
,,,,,,,,,,,,,
,1,9,,1,10,0x101,
,1,9,,1,9,0x103,
,1,9,,1,8,0x106,
,1,9,,1,7,0x10C,
,1,9,,1,6,0x130,
,1,9,,1,5,0x160,
,,,,,,,,,,,,,
,1,9,,2,10,0x201,
,1,9,,2,9,0x203,
,1,9,,2,8,0x206,
,1,9,,2,7,0x20C,
,1,9,,2,6,0x230,
,1,9,,2,5,0x260,
,,,,,,,,,,,,,
,1,9,,3,10,0x301,
,1,9,,3,9,0x303,
,1,9,,3,8,0x306,
,1,9,,3,7,0x30C,
,1,9,,3,6,0x330,
,1,9,,3,5,0x360,
,,,,,,,,,,,,,
,1,9,,4,10,0x401,
,1,9,,4,9,0x403,
,1,9,,4,8,0x406,
,1,9,,4,7,0x40C,
,1,9,,4,6,0x430,
,1,9,,4,5,0x460,
,,,,,,,,,,,,,
,1,9,,5,10,0x501,
,1,9,,5,9,0x503,
,1,9,,5,8,0x506,
,1,9,,5,7,0x50C,
,1,9,,5,6,0x530,
,1,9,,5,5,0x560,
,,,,,,,,,,,,,
,1,10,,0,10,0x001,
,1,10,,0,9,0x003,
,1,10,,0,8,0x006,
,1,10,,0,7,0x00C,
,1,10,,0,6,0x030,
,1,10,,0,5,0x060,
,,,,,,,,,,,,,
,1,10,,1,10,0x101,
,1,10,,1,9,0x103,
,1,10,,1,8,0x106,
,1,10,,1,7,0x10C,
,1,10,,1,6,0x130,
,1,10,,1,5,0x160,
,,,,,,,,,,,,,
,1,10,,2,10,0x201,
,1,10,,2,9,0x203,
,1,10,,2,8,0x206,
,1,10,,2,7,0x20C,
,1,10,,2,6,0x230,
,1,10,,2,5,0x260,
,,,,,,,,,,,,,
,1,10,,3,10,0x301,
,1,10,,3,9,0x303,
,1,10,,3,8,0x306,
,1,10,,3,7,0x30C,
,1,10,,3,6,0x330,
,1,10,,3,5,0x360,
,,,,,,,,,,,,,
,1,10,,4,10,0x401,
,1,10,,4,9,0x403,
,1,10,,4,8,0x406,
,1,10,,4,7,0x40C,
,1,10,,4,6,0x430,
,1,10,,4,5,0x460,
,,,,,,,,,,,,,
,1,10,,5,10,0x501,
,1,10,,5,9,0x503,
,1,10,,5,8,0x506,
,1,10,,5,7,0x50C,
,1,10,,5,6,0x530,
,1,10,,5,5,0x560,
,,,,,,,,,,,,,
,1,11,,0,10,0x001,
,1,11,,0,9,0x003,
,1,11,,0,8,0x006,
,1,11,,0,7,0x00C,
,1,11,,0,6,0x030,
,1,11,,0,5,0x060,
,,,,,,,,,,,,,
,1,11,,1,10,0x101,
,1,11,,1,9,0x103,
,1,11,,1,8,0x106,
,1,11,,1,7,0x10C,
,1,11,,1,6,0x130,
,1,11,,1,5,0x160,
,,,,,,,,,,,,,
,1,11,,2,10,0x201,
,1,11,,2,9,0x203,
,1,11,,2,8,0x206,
,1,11,,2,7,0x20C,
,1,11,,2,6,0x230,
,1,11,,2,5,0x260,
,,,,,,,,,,,,,
,1,11,,3,10,0x301,
,1,11,,3,9,0x303,
,1,11,,3,8,0x306,
,1,11,,3,7,0x30C,
,1,11,,3,6,0x330,
,1,11,,3,5,0x360,
,,,,,,,,,,,,,
,1,11,,4,10,0x401,
,1,11,,4,9,0x403,
,1,11,,4,8,0x406,
,1,11,,4,7,0x40C,
,1,11,,4,6,0x430,
,1,11,,4,5,0x460,
,,,,,,,,,,,,,
,1,11,,5,10,0x501,
,1,11,,5,9,0x503,
,1,11,,5,8,0x506,
,1,11,,5,7,0x50C,
,1,11,,5,6,0x530,
,1,11,,5,5,0x560,
,,,,,,,,,,,,,
,1,12,,0,10,0x001,
,1,12,,0,9,0x003,
,1,12,,0,8,0x006,
,1,12,,0,7,0x00C,
,1,12,,0,6,0x030,
,1,12,,0,5,0x060,
,,,,,,,,,,,,,
,1,12,,1,10,0x101,
,1,12,,1,9,0x103,
,1,12,,1,8,0x106,
,1,12,,1,7,0x10C,
,1,12,,1,6,0x130,
,1,12,,1,5,0x160,
,,,,,,,,,,,,,
,1,12,,2,10,0x201,
,1,12,,2,9,0x203,
,1,12,,2,8,0x206,
,1,12,,2,7,0x20C,
,1,12,,2,6,0x230,
,1,12,,2,5,0x260,
,,,,,,,,,,,,,
,1,12,,3,10,0x301,
,1,12,,3,9,0x303,
,1,12,,3,8,0x306,
,1,12,,3,7,0x30C,
,1,12,,3,6,0x330,
,1,12,,3,5,0x360,
,,,,,,,,,,,,,
,1,12,,4,10,0x401,
,1,12,,4,9,0x403,
,1,12,,4,8,0x406,
,1,12,,4,7,0x40C,
,1,12,,4,6,0x430,
,1,12,,4,5,0x460,
,,,,,,,,,,,,,
,1,12,,5,10,0x501,
,1,12,,5,9,0x503,
,1,12,,5,8,0x506,
,1,12,,5,7,0x50C,
,1,12,,5,6,0x530,
,1,12,,5,5,0x560,
,,,,,,,,,,,,,
,2,1,,0,15,0x000,
,2,1,,0,14,0x003,
,2,1,,0,13,0x006,
,2,1,,0,12,0x01C,
,2,1,,0,11,0x070,
,,,,,,,,,,,,,
,2,1,,1,15,0x100,
,2,1,,1,14,0x103,
,2,1,,1,13,0x106,
,2,1,,1,12,0x11C,
,2,1,,1,11,0x170,
,,,,,,,,,,,,,
,2,1,,2,15,0x200,
,2,1,,2,14,0x203,
,2,1,,2,13,0x206,
,2,1,,2,12,0x21C,
,2,1,,2,11,0x270,
,,,,,,,,,,,,,
,2,1,,3,15,0x300,
,2,1,,3,14,0x303,
,2,1,,3,13,0x306,
,2,1,,3,12,0x31C,
,2,1,,3,11,0x370,
,,,,,,,,,,,,,
,2,1,,4,15,0x400,
,2,1,,4,14,0x403,
,2,1,,4,13,0x406,
,2,1,,4,12,0x41C,
,2,1,,4,11,0x470,
,,,,,,,,,,,,,
,2,1,,5,15,0x500,
,2,1,,5,14,0x503,
,2,1,,5,13,0x506,
,2,1,,5,12,0x51C,
,2,1,,5,11,0x570,
,,,,,,,,,,,,,
,2,2,,0,15,0x000,
,2,2,,0,14,0x003,
,2,2,,0,13,0x006,
,2,2,,0,12,0x01C,
,2,2,,0,11,0x070,
,,,,,,,,,,,,,
,2,2,,1,15,0x100,
,2,2,,1,14,0x103,
,2,2,,1,13,0x106,
,2,2,,1,12,0x11C,
,2,2,,1,11,0x170,
,,,,,,,,,,,,,
,2,2,,2,15,0x200,
,2,2,,2,14,0x203,
,2,2,,2,13,0x206,
,2,2,,2,12,0x21C,
,2,2,,2,11,0x270,
,,,,,,,,,,,,,
,2,2,,3,15,0x300,
,2,2,,3,14,0x303,
,2,2,,3,13,0x306,
,2,2,,3,12,0x31C,
,2,2,,3,11,0x370,
,,,,,,,,,,,,,
,2,2,,4,15,0x400,
,2,2,,4,14,0x403,
,2,2,,4,13,0x406,
,2,2,,4,12,0x41C,
,2,2,,4,11,0x470,
,,,,,,,,,,,,,
,2,2,,5,15,0x500,
,2,2,,5,14,0x503,
,2,2,,5,13,0x506,
,2,2,,5,12,0x51C,
,2,2,,5,11,0x570,
,,,,,,,,,,,,,
,2,3,,0,15,0x000,
,2,3,,0,14,0x003,
,2,3,,0,13,0x006,
,2,3,,0,12,0x01C,
,2,3,,0,11,0x070,
,,,,,,,,,,,,,
,2,3,,1,15,0x100,
,2,3,,1,14,0x103,
,2,3,,1,13,0x106,
,2,3,,1,12,0x11C,
,2,3,,1,11,0x170,
,,,,,,,,,,,,,
,2,3,,2,15,0x200,
,2,3,,2,14,0x203,
,2,3,,2,13,0x206,
,2,3,,2,12,0x21C,
,2,3,,2,11,0x270,
,,,,,,,,,,,,,
,2,3,,3,15,0x300,
,2,3,,3,14,0x303,
,2,3,,3,13,0x306,
,2,3,,3,12,0x31C,
,2,3,,3,11,0x370,
,,,,,,,,,,,,,
,2,3,,4,15,0x400,
,2,3,,4,14,0x403,
,2,3,,4,13,0x406,
,2,3,,4,12,0x41C,
,2,3,,4,11,0x470,
,,,,,,,,,,,,,
,2,3,,5,15,0x500,
,2,3,,5,14,0x503,
,2,3,,5,13,0x506,
,2,3,,5,12,0x51C,
,2,3,,5,11,0x570,
,,,,,,,,,,,,,
,2,4,,0,15,0x000,
,2,4,,0,14,0x003,
,2,4,,0,13,0x006,
,2,4,,0,12,0x01C,
,2,4,,0,11,0x070,
,,,,,,,,,,,,,
,2,4,,1,15,0x100,
,2,4,,1,14,0x103,
,2,4,,1,13,0x106,
,2,4,,1,12,0x11C,
,2,4,,1,11,0x170,
,,,,,,,,,,,,,
,2,4,,2,15,0x200,
,2,4,,2,14,0x203,
,2,4,,2,13,0x206,
,2,4,,2,12,0x21C,
,2,4,,2,11,0x270,
,,,,,,,,,,,,,
,2,4,,3,15,0x300,
,2,4,,3,14,0x303,
,2,4,,3,13,0x306,
,2,4,,3,12,0x31C,
,2,4,,3,11,0x370,
,,,,,,,,,,,,,
,2,4,,4,15,0x400,
,2,4,,4,14,0x403,
,2,4,,4,13,0x406,
,2,4,,4,12,0x41C,
,2,4,,4,11,0x470,
,,,,,,,,,,,,,
,2,4,,5,15,0x500,
,2,4,,5,14,0x503,
,2,4,,5,13,0x506,
,2,4,,5,12,0x51C,
,2,4,,5,11,0x570,
,,,,,,,,,,,,,
,2,5,,0,15,0x000,
,2,5,,0,14,0x003,
,2,5,,0,13,0x006,
,2,5,,0,12,0x01C,
,2,5,,0,11,0x070,
,,,,,,,,,,,,,
,2,5,,1,15,0x100,
,2,5,,1,14,0x103,
,2,5,,1,13,0x106,
,2,5,,1,12,0x11C,
,2,5,,1,11,0x170,
,,,,,,,,,,,,,
,2,5,,2,15,0x200,
,2,5,,2,14,0x203,
,2,5,,2,13,0x206,
,2,5,,2,12,0x21C,
,2,5,,2,11,0x270,
,,,,,,,,,,,,,
,2,5,,3,15,0x300,
,2,5,,3,14,0x303,
,2,5,,3,13,0x306,
,2,5,,3,12,0x31C,
,2,5,,3,11,0x370,
,,,,,,,,,,,,,
,2,5,,4,15,0x400,
,2,5,,4,14,0x403,
,2,5,,4,13,0x406,
,2,5,,4,12,0x41C,
,2,5,,4,11,0x470,
,,,,,,,,,,,,,
,2,5,,5,15,0x500,
,2,5,,5,14,0x503,
,2,5,,5,13,0x506,
,2,5,,5,12,0x51C,
,2,5,,5,11,0x570,
,,,,,,,,,,,,,
,2,6,,0,15,0x000,
,2,6,,0,14,0x003,
,2,6,,0,13,0x006,
,2,6,,0,12,0x01C,
,2,6,,0,11,0x070,
,,,,,,,,,,,,,
,2,6,,1,15,0x100,
,2,6,,1,14,0x103,
,2,6,,1,13,0x106,
,2,6,,1,12,0x11C,
,2,6,,1,11,0x170,
,,,,,,,,,,,,,
,2,6,,2,15,0x200,
,2,6,,2,14,0x203,
,2,6,,2,13,0x206,
,2,6,,2,12,0x21C,
,2,6,,2,11,0x270,
,,,,,,,,,,,,,
,2,6,,3,15,0x300,
,2,6,,3,14,0x303,
,2,6,,3,13,0x306,
,2,6,,3,12,0x31C,
,2,6,,3,11,0x370,
,,,,,,,,,,,,,
,2,6,,4,15,0x400,
,2,6,,4,14,0x403,
,2,6,,4,13,0x406,
,2,6,,4,12,0x41C,
,2,6,,4,11,0x470,
,,,,,,,,,,,,,
,2,6,,5,15,0x500,
,2,6,,5,14,0x503,
,2,6,,5,13,0x506,
,2,6,,5,12,0x51C,
,2,6,,5,11,0x570,
,,,,,,,,,,,,,
,2,7,,0,15,0x000,
,2,7,,0,14,0x003,
,2,7,,0,13,0x006,
,2,7,,0,12,0x01C,
,2,7,,0,11,0x070,
,,,,,,,,,,,,,
,2,7,,1,15,0x100,
,2,7,,1,14,0x103,
,2,7,,1,13,0x106,
,2,7,,1,12,0x11C,
,2,7,,1,11,0x170,
,,,,,,,,,,,,,
,2,7,,2,15,0x200,
,2,7,,2,14,0x203,
,2,7,,2,13,0x206,
,2,7,,2,12,0x21C,
,2,7,,2,11,0x270,
,,,,,,,,,,,,,
,2,7,,3,15,0x300,
,2,7,,3,14,0x303,
,2,7,,3,13,0x306,
,2,7,,3,12,0x31C,
,2,7,,3,11,0x370,
,,,,,,,,,,,,,
,2,7,,4,15,0x400,
,2,7,,4,14,0x403,
,2,7,,4,13,0x406,
,2,7,,4,12,0x41C,
,2,7,,4,11,0x470,
,,,,,,,,,,,,,
,2,7,,5,15,0x500,
,2,7,,5,14,0x503,
,2,7,,5,13,0x506,
,2,7,,5,12,0x51C,
,2,7,,5,11,0x570,
,,,,,,,,,,,,,
,2,8,,0,15,0x000,
,2,8,,0,14,0x003,
,2,8,,0,13,0x006,
,2,8,,0,12,0x01C,
,2,8,,0,11,0x070,
,,,,,,,,,,,,,
,2,8,,1,15,0x100,
,2,8,,1,14,0x103,
,2,8,,1,13,0x106,
,2,8,,1,12,0x11C,
,2,8,,1,11,0x170,
,,,,,,,,,,,,,
,2,8,,2,15,0x200,
,2,8,,2,14,0x203,
,2,8,,2,13,0x206,
,2,8,,2,12,0x21C,
,2,8,,2,11,0x270,
,,,,,,,,,,,,,
,2,8,,3,15,0x300,
,2,8,,3,14,0x303,
,2,8,,3,13,0x306,
,2,8,,3,12,0x31C,
,2,8,,3,11,0x370,
,,,,,,,,,,,,,
,2,8,,4,15,0x400,
,2,8,,4,14,0x403,
,2,8,,4,13,0x406,
,2,8,,4,12,0x41C,
,2,8,,4,11,0x470,
,,,,,,,,,,,,,
,2,8,,5,15,0x500,
,2,8,,5,14,0x503,
,2,8,,5,13,0x506,
,2,8,,5,12,0x51C,
,2,8,,5,11,0x570,
,,,,,,,,,,,,,
,2,9,,0,15,0x000,
,2,9,,0,14,0x003,
,2,9,,0,13,0x006,
,2,9,,0,12,0x01C,
,2,9,,0,11,0x070,
,,,,,,,,,,,,,
,2,9,,1,15,0x100,
,2,9,,1,14,0x103,
,2,9,,1,13,0x106,
,2,9,,1,12,0x11C,
,2,9,,1,11,0x170,
,,,,,,,,,,,,,
,2,9,,2,15,0x200,
,2,9,,2,14,0x203,
,2,9,,2,13,0x206,
,2,9,,2,12,0x21C,
,2,9,,2,11,0x270,
,,,,,,,,,,,,,
,2,9,,3,15,0x300,
,2,9,,3,14,0x303,
,2,9,,3,13,0x306,
,2,9,,3,12,0x31C,
,2,9,,3,11,0x370,
,,,,,,,,,,,,,
,2,9,,4,15,0x400,
,2,9,,4,14,0x403,
,2,9,,4,13,0x406,
,2,9,,4,12,0x41C,
,2,9,,4,11,0x470,
,,,,,,,,,,,,,
,2,9,,5,15,0x500,
,2,9,,5,14,0x503,
,2,9,,5,13,0x506,
,2,9,,5,12,0x51C,
,2,9,,5,11,0x570,
,,,,,,,,,,,,,
,2,10,,0,15,0x000,
,2,10,,0,14,0x003,
,2,10,,0,13,0x006,
,2,10,,0,12,0x01C,
,2,10,,0,11,0x070,
,,,,,,,,,,,,,
,2,10,,1,15,0x100,
,2,10,,1,14,0x103,
,2,10,,1,13,0x106,
,2,10,,1,12,0x11C,
,2,10,,1,11,0x170,
,,,,,,,,,,,,,
,2,10,,2,15,0x200,
,2,10,,2,14,0x203,
,2,10,,2,13,0x206,
,2,10,,2,12,0x21C,
,2,10,,2,11,0x270,
,,,,,,,,,,,,,
,2,10,,3,15,0x300,
,2,10,,3,14,0x303,
,2,10,,3,13,0x306,
,2,10,,3,12,0x31C,
,2,10,,3,11,0x370,
,,,,,,,,,,,,,
,2,10,,4,15,0x400,
,2,10,,4,14,0x403,
,2,10,,4,13,0x406,
,2,10,,4,12,0x41C,
,2,10,,4,11,0x470,
,,,,,,,,,,,,,
,2,10,,5,15,0x500,
,2,10,,5,14,0x503,
,2,10,,5,13,0x506,
,2,10,,5,12,0x51C,
,2,10,,5,11,0x570,
,,,,,,,,,,,,,
,2,11,,0,15,0x000,
,2,11,,0,14,0x003,
,2,11,,0,13,0x006,
,2,11,,0,12,0x01C,
,2,11,,0,11,0x070,
,,,,,,,,,,,,,
,2,11,,1,15,0x100,
,2,11,,1,14,0x103,
,2,11,,1,13,0x106,
,2,11,,1,12,0x11C,
,2,11,,1,11,0x170,
,,,,,,,,,,,,,
,2,11,,2,15,0x200,
,2,11,,2,14,0x203,
,2,11,,2,13,0x206,
,2,11,,2,12,0x21C,
,2,11,,2,11,0x270,
,,,,,,,,,,,,,
,2,11,,3,15,0x300,
,2,11,,3,14,0x303,
,2,11,,3,13,0x306,
,2,11,,3,12,0x31C,
,2,11,,3,11,0x370,
,,,,,,,,,,,,,
,2,11,,4,15,0x400,
,2,11,,4,14,0x403,
,2,11,,4,13,0x406,
,2,11,,4,12,0x41C,
,2,11,,4,11,0x470,
,,,,,,,,,,,,,
,2,11,,5,15,0x500,
,2,11,,5,14,0x503,
,2,11,,5,13,0x506,
,2,11,,5,12,0x51C,
,2,11,,5,11,0x570,
,,,,,,,,,,,,,
,2,12,,0,15,0x000,
,2,12,,0,14,0x003,
,2,12,,0,13,0x006,
,2,12,,0,12,0x01C,
,2,12,,0,11,0x070,
,,,,,,,,,,,,,
,2,12,,1,15,0x100,
,2,12,,1,14,0x103,
,2,12,,1,13,0x106,
,2,12,,1,12,0x11C,
,2,12,,1,11,0x170,
,,,,,,,,,,,,,
,2,12,,2,15,0x200,
,2,12,,2,14,0x203,
,2,12,,2,13,0x206,
,2,12,,2,12,0x21C,
,2,12,,2,11,0x270,
,,,,,,,,,,,,,
,2,12,,3,15,0x300,
,2,12,,3,14,0x303,
,2,12,,3,13,0x306,
,2,12,,3,12,0x31C,
,2,12,,3,11,0x370,
,,,,,,,,,,,,,
,2,12,,4,15,0x400,
,2,12,,4,14,0x403,
,2,12,,4,13,0x406,
,2,12,,4,12,0x41C,
,2,12,,4,11,0x470,
,,,,,,,,,,,,,
,2,12,,5,15,0x500,
,2,12,,5,14,0x503,
,2,12,,5,13,0x506,
,2,12,,5,12,0x51C,
,2,12,,5,11,0x570,
,,,,,,,,,,,,,
done
